Date;Total â‚¬/MWh;pred
2013-05-07;52.95;
2013-05-08;58.96;
2013-05-09;57.94;
2013-05-10;53.64;
2013-05-11;53.6;
2013-05-12;41.38;
2013-05-13;55.75;
2013-05-14;57.62;
2013-05-15;46.05;
2013-05-16;50.56;
2013-05-17;51.82;
2013-05-18;38.79;
2013-05-19;49.96;
2013-05-20;60.56;
2013-05-21;60.29;
2013-05-22;51.28;
2013-05-23;50.91;
2013-05-24;53.38;
2013-05-25;49.65;
2013-05-26;51.15;
2013-05-27;59.24;
2013-05-28;52.52;
2013-05-29;48.69;
2013-05-30;54.07;
2013-05-31;50.93;
2013-06-01;42.78;
2013-06-02;31.32;
2013-06-03;51.18;
2013-06-04;56.96;
2013-06-05;60.35;
2013-06-06;57.6;
2013-06-07;57.82;
2013-06-08;53.52;
2013-06-09;44.67;
2013-06-10;55.86;
2013-06-11;55.27;
2013-06-12;58.81;
2013-06-13;56.98;
2013-06-14;54.45;
2013-06-15;53.63;
2013-06-16;49.35;
2013-06-17;55.8;
2013-06-18;58.03;
2013-06-19;58.32;
2013-06-20;60.05;
2013-06-21;60.11;
2013-06-22;54.54;
2013-06-23;33.78;
2013-06-24;39.48;
2013-06-25;50.77;
2013-06-26;49.89;
2013-06-27;48.57;
2013-06-28;52.13;
2013-06-29;40.25;
2013-06-30;39.96;
2013-07-01;56.19;
2013-07-02;59.66;
2013-07-03;60.73;
2013-07-04;58.17;
2013-07-05;54.82;
2013-07-06;50.98;
2013-07-07;47.55;
2013-07-08;57.74;
2013-07-09;58.75;
2013-07-10;61.09;
2013-07-11;64.14;
2013-07-12;71.74;
2013-07-13;64.46;
2013-07-14;60.38;
2013-07-15;66.89;
2013-07-16;66.21;
2013-07-17;65.95;
2013-07-18;64.07;
2013-07-19;66.72;
2013-07-20;57.49;
2013-07-21;57.42;
2013-07-22;67.87;
2013-07-23;66.95;
2013-07-24;66.57;
2013-07-25;67.23;
2013-07-26;64.05;
2013-07-27;54.41;
2013-07-28;41.84;
2013-07-29;62.31;
2013-07-30;64.44;
2013-07-31;61.95;
2013-08-01;53.09;
2013-08-02;55.96;
2013-08-03;58.22;
2013-08-04;55.45;
2013-08-05;60.03;
2013-08-06;59.47;
2013-08-07;56.1;
2013-08-08;56.92;
2013-08-09;55.1;
2013-08-10;51.36;
2013-08-11;49.54;
2013-08-12;55.21;
2013-08-13;51.78;
2013-08-14;55.3;
2013-08-15;54.81;
2013-08-16;57.87;
2013-08-17;57.29;
2013-08-18;56.78;
2013-08-19;59.66;
2013-08-20;58.05;
2013-08-21;63.48;
2013-08-22;62.99;
2013-08-23;62.63;
2013-08-24;53.67;
2013-08-25;53.25;
2013-08-26;58.27;
2013-08-27;61.11;
2013-08-28;57.0;
2013-08-29;56.28;
2013-08-30;58.98;
2013-08-31;46.66;
2013-09-01;47.96;
2013-09-02;59.32;
2013-09-03;62.55;
2013-09-04;61.11;
2013-09-05;60.75;
2013-09-06;66.09;
2013-09-07;57.59;
2013-09-08;53.53;
2013-09-09;60.73;
2013-09-10;59.25;
2013-09-11;43.33;
2013-09-12;54.85;
2013-09-13;60.41;
2013-09-14;57.6;
2013-09-15;47.24;
2013-09-16;62.98;
2013-09-17;60.04;
2013-09-18;62.75;
2013-09-19;62.25;
2013-09-20;64.52;
2013-09-21;57.31;
2013-09-22;58.39;
2013-09-23;67.51;
2013-09-24;71.29;
2013-09-25;74.07;
2013-09-26;72.55;
2013-09-27;64.24;
2013-09-28;52.6;
2013-09-29;47.83;
2013-09-30;60.99;
2013-10-01;62.71;
2013-10-02;74.8;
2013-10-03;64.16;
2013-10-04;77.35;
2013-10-05;65.85;
2013-10-06;60.15;
2013-10-07;74.45;
2013-10-08;72.61;
2013-10-09;62.71;
2013-10-10;62.63;
2013-10-11;64.2;
2013-10-12;65.49;
2013-10-13;61.1;
2013-10-14;76.36;
2013-10-15;62.01;
2013-10-16;70.63;
2013-10-17;72.53;
2013-10-18;59.23;
2013-10-19;50.14;
2013-10-20;54.82;
2013-10-21;57.44;
2013-10-22;50.04;
2013-10-23;61.31;
2013-10-24;59.13;
2013-10-25;61.87;
2013-10-26;63.08;
2013-10-27;56.16;
2013-10-28;56.09;
2013-10-29;55.27;
2013-10-30;61.31;
2013-10-31;66.75;
2013-11-01;53.03;
2013-11-02;47.26;
2013-11-03;51.33;
2013-11-04;29.08;
2013-11-05;42.88;
2013-11-06;61.0;
2013-11-07;59.96;
2013-11-08;53.05;
2013-11-09;46.63;
2013-11-10;34.0;
2013-11-11;52.33;
2013-11-12;56.81;
2013-11-13;50.14;
2013-11-14;46.45;
2013-11-15;44.45;
2013-11-16;53.17;
2013-11-17;59.62;
2013-11-18;58.46;
2013-11-19;50.0;
2013-11-20;64.16;
2013-11-22;64.63;
2013-11-23;56.11;
2013-11-24;47.4;
2013-11-25;56.35;
2013-11-26;59.32;
2013-11-27;62.82;
2013-11-28;72.3;
2013-11-29;69.96;
2013-11-30;62.46;
2013-12-01;59.98;
2013-12-02;86.44;
2013-12-03;95.82;
2013-12-04;101.29;
2013-12-05;91.97;
2013-12-06;81.12;
2013-12-07;96.39;
2013-12-08;102.59;
2013-12-09;99.13;
2013-12-10;98.9;
2013-12-11;83.21;
2013-12-12;99.64;
2013-12-13;101.23;
2013-12-14;88.87;
2013-12-15;84.27;
2013-12-16;88.84;
2013-12-17;103.21;
2013-12-18;102.2;
2013-12-19;85.24;
2013-12-20;70.27;
2013-12-21;89.92;
2013-12-22;81.6;
2013-12-23;73.37;
2013-12-24;30.36;
2013-12-25;20.6;
2013-12-26;32.07;
2013-12-27;32.88;
2013-12-28;37.0;
2013-12-29;55.66;
2013-12-30;63.85;
2013-12-31;45.93;
2014-01-01;22.19;
2014-01-02;44.19;
2014-01-03;55.87;
2014-01-04;17.35;
2014-01-05;17.41;
2014-01-06;29.75;
2014-01-07;65.14;
2014-01-08;55.07;
2014-01-09;63.84;
2014-01-10;72.12;
2014-01-11;61.52;
2014-01-12;46.88;
2014-01-13;53.55;
2014-01-14;48.71;
2014-01-15;63.85;
2014-01-16;56.04;
2014-01-17;55.37;
2014-01-18;53.98;
2014-01-19;44.43;
2014-01-20;54.11;
2014-01-21;63.49;
2014-01-22;59.84;
2014-01-23;56.86;
2014-01-24;52.59;
2014-01-25;31.38;
2014-01-26;34.33;
2014-01-27;30.07;
2014-01-28;17.69;
2014-01-29;47.2;
2014-01-30;42.47;
2014-01-31;53.28;
2014-02-01;20.83;
2014-02-02;37.87;
2014-02-03;42.72;
2014-02-04;39.92;
2014-02-05;26.91;
2014-02-06;19.25;
2014-02-07;16.09;
2014-02-08;10.27;
2014-02-09;11.37;
2014-02-10;16.85;
2014-02-11;36.99;
2014-02-12;36.68;
2014-02-13;21.19;
2014-02-14;16.89;
2014-02-15;31.99;
2014-02-16;35.67;
2014-02-17;56.08;
2014-02-18;59.0;
2014-02-19;44.43;
2014-02-20;26.11;
2014-02-21;31.89;
2014-02-22;29.43;
2014-02-23;16.33;
2014-02-24;49.7;
2014-02-25;31.27;
2014-02-26;40.63;
2014-02-27;45.84;
2014-02-28;17.85;
2014-03-01;12.07;
2014-03-02;10.27;
2014-03-03;12.59;
2014-03-04;14.27;
2014-03-05;36.13;
2014-03-06;58.13;
2014-03-07;53.58;
2014-03-08;25.36;
2014-03-09;20.51;
2014-03-10;46.67;
2014-03-11;43.07;
2014-03-12;50.53;
2014-03-13;53.69;
2014-03-14;53.69;
2014-03-15;38.27;
2014-03-16;27.12;
2014-03-17;59.68;
2014-03-18;49.49;
2014-03-19;46.97;
2014-03-20;52.55;
2014-03-21;46.61;
2014-03-22;27.8;
2014-03-23;28.13;
2014-03-24;39.51;
2014-03-25;19.94;
2014-03-26;28.94;
2014-03-27;64.6;
2014-03-28;47.38;
2014-03-29;37.49;
2014-03-30;36.74;
2014-03-31;48.33;
2014-04-01;31.49;
2014-04-02;47.31;
2014-04-03;42.03;
2014-04-04;21.87;
2014-04-05;31.45;
2014-04-06;35.52;
2014-04-08;48.01;
2014-04-09;46.39;
2014-04-10;48.18;
2014-04-11;39.4;
2014-04-12;23.2;
2014-04-13;26.84;
2014-04-14;39.74;
2014-04-15;50.36;
2014-04-16;51.49;
2014-04-17;36.72;
2014-04-19;35.75;
2014-04-20;29.31;
2014-04-21;45.64;
2014-04-22;41.69;
2014-04-23;49.99;
2014-04-24;41.76;
2014-04-25;22.09;
2014-04-26;19.76;
2014-04-27;23.99;
2014-04-28;45.87;
2014-04-29;48.03;
2014-04-30;47.85;
2014-05-01;40.13;
2014-05-02;35.22;
2014-05-03;36.57;
2014-05-04;48.62;
2014-05-05;56.22;
2014-05-06;56.25;
2014-05-07;60.51;
2014-05-08;57.74;
2014-05-09;60.38;
2014-05-10;55.37;
2014-05-11;49.93;
2014-05-12;55.92;
2014-05-13;48.11;
2014-05-14;50.11;
2014-05-15;51.45;
2014-05-16;47.26;
2014-05-17;40.96;
2014-05-18;54.43;
2014-05-19;53.23;
2014-05-20;54.1;
2014-05-21;45.67;
2014-05-22;45.58;
2014-05-23;51.9;
2014-05-24;55.07;
2014-05-25;53.21;
2014-05-26;56.32;
2014-05-27;58.32;
2014-05-28;57.71;
2014-05-29;57.52;
2014-05-30;57.96;
2014-05-31;51.28;
2014-06-01;47.89;
2014-06-02;58.96;
2014-06-03;60.0;
2014-06-04;58.82;
2014-06-05;60.65;
2014-06-06;51.86;
2014-06-07;48.33;
2014-06-08;52.92;
2014-06-09;57.02;
2014-06-10;62.38;
2014-06-11;64.34;
2014-06-12;67.19;
2014-06-13;66.16;
2014-06-14;48.91;
2014-06-15;30.39;
2014-06-16;54.53;
2014-06-17;61.85;
2014-06-18;70.39;
2014-06-19;69.26;
2014-06-20;71.94;
2014-06-21;61.61;
2014-06-22;58.82;
2014-06-23;74.29;
2014-06-24;74.16;
2014-06-25;67.06;
2014-06-26;71.03;
2014-06-27;73.19;
2014-06-28;50.33;
2014-06-29;44.86;
2014-06-30;64.16;
2014-07-01;60.48;
2014-07-02;62.14;
2014-07-03;62.62;
2014-07-04;65.89;
2014-07-05;52.02;
2014-07-06;46.54;
2014-07-07;57.03;
2014-07-08;59.05;
2014-07-09;51.51;
2014-07-10;50.6;
2014-07-11;53.88;
2014-07-12;51.99;
2014-07-13;52.68;
2014-07-14;66.18;
2014-07-15;66.24;
2014-07-16;64.87;
2014-07-17;58.69;
2014-07-18;61.36;
2014-07-19;50.7;
2014-07-20;44.52;
2014-07-21;64.79;
2014-07-22;63.97;
2014-07-23;67.24;
2014-07-24;64.99;
2014-07-25;60.01;
2014-07-26;53.06;
2014-07-27;51.18;
2014-07-28;56.91;
2014-07-29;56.89;
2014-07-30;60.2;
2014-07-31;64.6;
2014-08-01;58.41;
2014-08-02;53.05;
2014-08-03;54.14;
2014-08-04;61.1;
2014-08-05;60.73;
2014-08-06;59.41;
2014-08-07;61.28;
2014-08-08;58.79;
2014-08-09;55.36;
2014-08-10;51.74;
2014-08-11;59.8;
2014-08-12;57.19;
2014-08-13;53.29;
2014-08-14;58.57;
2014-08-15;53.76;
2014-08-16;51.46;
2014-08-17;53.07;
2014-08-18;61.38;
2014-08-19;60.51;
2014-08-20;62.35;
2014-08-21;63.59;
2014-08-22;59.18;
2014-08-23;56.08;
2014-08-24;56.1;
2014-08-25;62.97;
2014-08-26;57.14;
2014-08-27;63.59;
2014-08-28;66.36;
2014-08-29;67.49;
2014-08-30;57.97;
2014-08-31;56.69;
2014-09-01;66.33;
2014-09-02;69.93;
2014-09-03;71.04;
2014-09-04;77.01;
2014-09-05;73.8;
2014-09-06;66.54;
2014-09-08;72.35;
2014-09-09;74.89;
2014-09-10;71.7;
2014-09-11;66.95;
2014-09-12;69.57;
2014-09-13;64.87;
2014-09-14;61.87;
2014-09-15;72.08;
2014-09-16;61.53;
2014-09-17;63.55;
2014-09-18;65.99;
2014-09-19;69.07;
2014-09-20;66.53;
2014-09-21;65.24;
2014-09-22;70.39;
2014-09-23;73.39;
2014-09-24;69.75;
2014-09-25;69.04;
2014-09-26;71.16;
2014-09-27;62.79;
2014-09-28;63.92;
2014-09-29;77.57;
2014-09-30;78.2;
2014-10-01;71.48;
2014-10-02;72.28;
2014-10-03;80.2;
2014-10-04;70.98;
2014-10-05;56.97;
2014-10-06;65.03;
2014-10-07;60.37;
2014-10-08;60.21;
2014-10-09;66.09;
2014-10-10;81.6;
2014-10-11;71.29;
2014-10-12;54.45;
2014-10-13;62.11;
2014-10-14;68.72;
2014-10-15;55.05;
2014-10-16;55.23;
2014-10-17;55.18;
2014-10-18;52.32;
2014-10-19;56.56;
2014-10-20;72.87;
2014-10-21;76.1;
2014-10-22;63.09;
2014-10-23;71.81;
2014-10-24;72.21;
2014-10-25;66.95;
2014-10-26;61.31;
2014-10-27;76.87;
2014-10-28;72.16;
2014-10-29;75.66;
2014-10-30;75.27;
2014-10-31;63.28;
2014-11-01;67.38;
2014-11-02;58.31;
2014-11-03;57.03;
2014-11-04;57.67;
2014-11-05;67.53;
2014-11-06;68.78;
2014-11-07;62.8;
2014-11-08;58.12;
2014-11-09;59.9;
2014-11-10;69.47;
2014-11-11;55.57;
2014-11-12;57.94;
2014-11-13;56.07;
2014-11-14;56.82;
2014-11-15;33.9;
2014-11-16;27.59;
2014-11-17;62.1;
2014-11-18;66.71;
2014-11-19;64.38;
2014-11-20;55.49;
2014-11-21;58.27;
2014-11-22;53.95;
2014-11-23;46.56;
2014-11-24;70.39;
2014-11-25;76.27;
2014-11-26;76.92;
2014-11-27;59.41;
2014-11-28;51.97;
2014-11-29;54.09;
2014-11-30;37.23;
2014-12-01;56.56;
2014-12-02;57.77;
2014-12-03;67.76;
2014-12-04;72.97;
2014-12-05;68.44;
2014-12-06;52.74;
2014-12-07;45.04;
2014-12-08;55.11;
2014-12-09;57.06;
2014-12-10;66.03;
2014-12-11;68.45;
2014-12-12;63.41;
2014-12-13;55.06;
2014-12-14;59.43;
2014-12-15;69.51;
2014-12-16;61.47;
2014-12-17;60.22;
2014-12-18;66.08;
2014-12-19;70.56;
2014-12-20;59.23;
2014-12-21;57.34;
2014-12-22;67.73;
2014-12-23;68.59;
2014-12-24;62.44;
2014-12-25;54.14;
2014-12-26;60.69;
2014-12-27;46.86;
2014-12-28;32.59;
2014-12-29;50.39;
2014-12-30;56.92;
2014-12-31;60.32;
2015-01-01;60.72;
2015-01-02;69.62;
2015-01-03;65.25;
2015-01-04;57.79;
2015-01-05;74.71;
2015-01-06;67.42;
2015-01-07;79.83;
2015-01-08;79.17;
2015-01-09;77.24;
2015-01-10;67.89;
2015-01-11;58.21;
2015-01-12;72.68;
2015-01-13;70.37;
2015-01-14;75.48;
2015-01-15;61.27;
2015-01-16;66.46;
2015-01-17;58.9;
2015-01-18;56.95;
2015-01-19;68.0;
2015-01-20;75.82;
2015-01-21;67.13;
2015-01-22;64.59;
2015-01-23;67.37;
2015-01-24;57.55;
2015-01-25;52.02;
2015-01-26;71.96;
2015-01-27;68.7;
2015-01-28;71.06;
2015-01-29;57.1;
2015-01-30;47.14;
2015-01-31;29.12;
2015-02-01;29.89;
2015-02-02;63.17;
2015-02-03;57.33;
2015-02-04;54.32;
2015-02-05;57.21;
2015-02-06;61.23;
2015-02-07;66.25;
2015-02-08;51.98;
2015-02-09;66.8;
2015-02-10;74.29;
2015-02-11;77.4;
2015-02-12;78.89;
2015-02-13;63.92;
2015-02-14;49.7;
2015-02-15;42.06;
2015-02-16;66.9;
2015-02-17;52.88;
2015-02-18;60.26;
2015-02-19;71.13;
2015-02-20;65.76;
2015-02-21;45.38;
2015-02-22;29.45;
2015-02-23;45.23;
2015-02-24;41.58;
2015-02-25;48.73;
2015-02-26;54.77;
2015-02-27;52.98;
2015-02-28;46.05;
2015-03-01;37.29;
2015-03-02;56.39;
2015-03-03;66.54;
2015-03-04;46.9;
2015-03-05;40.61;
2015-03-06;61.26;
2015-03-07;56.96;
2015-03-08;50.0;
2015-03-09;58.62;
2015-03-10;64.77;
2015-03-11;59.78;
2015-03-12;58.69;
2015-03-13;53.09;
2015-03-14;50.61;
2015-03-15;53.49;
2015-03-16;67.95;
2015-03-17;58.07;
2015-03-18;58.6;
2015-03-19;50.89;
2015-03-20;50.73;
2015-03-21;53.75;
2015-03-22;52.46;
2015-03-23;66.16;
2015-03-24;57.85;
2015-03-25;53.54;
2015-03-26;56.56;
2015-03-27;57.49;
2015-03-28;54.34;
2015-03-29;42.74;
2015-03-30;54.65;
2015-03-31;55.13;
2015-04-01;42.55;
2015-04-02;50.51;
2015-04-03;50.79;
2015-04-04;38.18;
2015-04-05;36.37;
2015-04-06;51.41;
2015-04-07;57.3;
2015-04-08;52.95;
2015-04-09;63.24;
2015-04-10;67.21;
2015-04-11;60.19;
2015-04-12;45.51;
2015-04-13;58.12;
2015-04-14;54.17;
2015-04-15;60.62;
2015-04-16;61.93;
2015-04-17;67.74;
2015-04-18;58.0;
2015-04-19;53.05;
2015-04-20;66.7;
2015-04-21;59.07;
2015-04-22;61.59;
2015-04-23;72.8;
2015-04-24;68.82;
2015-04-25;58.73;
2015-04-26;48.56;
2015-04-27;55.84;
2015-04-28;67.92;
2015-04-29;70.5;
2015-04-30;64.53;
2015-05-01;52.98;
2015-05-02;53.99;
2015-05-03;54.28;
2015-05-04;57.8;
2015-05-05;57.06;
2015-05-06;71.38;
2015-05-07;60.54;
2015-05-08;50.31;
2015-05-09;62.59;
2015-05-10;53.44;
2015-05-11;63.66;
2015-05-12;63.48;
2015-05-13;59.99;
2015-05-14;55.51;
2015-05-15;54.45;
2015-05-16;44.61;
2015-05-17;41.92;
2015-05-18;63.42;
2015-05-19;53.52;
2015-05-20;57.37;
2015-05-21;54.8;
2015-05-22;55.4;
2015-05-23;46.31;
2015-05-24;44.4;
2015-05-25;60.31;
2015-05-26;58.71;
2015-05-27;59.51;
2015-05-28;63.08;
2015-05-29;65.2;
2015-05-30;60.02;
2015-05-31;57.59;
2015-06-01;66.72;
2015-06-02;66.82;
2015-06-03;66.32;
2015-06-04;66.78;
2015-06-05;66.62;
2015-06-06;57.91;
2015-06-07;56.56;
2015-06-08;67.72;
2015-06-09;67.69;
2015-06-10;67.22;
2015-06-11;70.77;
2015-06-12;68.37;
2015-06-13;65.02;
2015-06-14;60.88;
2015-06-15;66.78;
2015-06-16;66.26;
2015-06-17;61.2;
2015-06-18;59.28;
2015-06-19;61.6;
2015-06-20;56.0;
2015-06-21;57.69;
2015-06-22;73.57;
2015-06-23;70.74;
2015-06-24;71.57;
2015-06-25;73.36;
2015-06-26;74.23;
2015-06-27;65.43;
2015-06-28;59.78;
2015-06-29;72.37;
2015-06-30;71.96;
2015-07-01;71.83;
2015-07-02;75.84;
2015-07-03;71.71;
2015-07-04;65.3;
2015-07-05;60.34;
2015-07-06;72.51;
2015-07-07;73.62;
2015-07-08;72.27;
2015-07-09;72.21;
2015-07-10;74.76;
2015-07-11;65.28;
2015-07-12;62.44;
2015-07-13;75.81;
2015-07-14;73.05;
2015-07-15;74.02;
2015-07-16;75.96;
2015-07-17;75.61;
2015-07-18;69.99;
2015-07-19;65.45;
2015-07-20;77.09;
2015-07-21;77.57;
2015-07-22;76.67;
2015-07-23;76.87;
2015-07-24;72.78;
2015-07-25;61.33;
2015-07-26;58.89;
2015-07-27;74.87;
2015-07-28;75.78;
2015-07-29;74.3;
2015-07-30;69.85;
2015-07-31;68.43;
2015-08-01;61.51;
2015-08-03;70.07;
2015-08-04;69.66;
2015-08-05;69.35;
2015-08-06;70.97;
2015-08-07;71.09;
2015-08-08;63.75;
2015-08-09;55.19;
2015-08-10;68.87;
2015-08-11;70.1;
2015-08-12;67.97;
2015-08-13;59.96;
2015-08-14;64.3;
2015-08-15;57.32;
2015-08-16;60.7;
2015-08-17;69.03;
2015-08-18;64.28;
2015-08-19;65.58;
2015-08-20;65.86;
2015-08-21;69.47;
2015-08-22;60.69;
2015-08-23;41.33;
2015-08-24;61.75;
2015-08-25;68.45;
2015-08-26;63.09;
2015-08-27;59.3;
2015-08-28;68.17;
2015-08-29;59.9;
2015-08-30;55.37;
2015-08-31;71.73;
2015-09-01;66.67;
2015-09-02;66.23;
2015-09-03;62.98;
2015-09-04;63.65;
2015-09-05;59.66;
2015-09-06;59.1;
2015-09-07;68.2;
2015-09-08;69.56;
2015-09-09;68.75;
2015-09-10;67.28;
2015-09-11;63.22;
2015-09-12;58.57;
2015-09-13;43.78;
2015-09-14;59.81;
2015-09-15;54.71;
2015-09-16;44.75;
2015-09-17;57.26;
2015-09-18;62.29;
2015-09-19;54.49;
2015-09-20;54.17;
2015-09-21;62.68;
2015-09-22;56.99;
2015-09-23;58.14;
2015-09-24;60.39;
2015-09-25;60.36;
2015-09-26;58.08;
2015-09-27;54.04;
2015-09-28;60.03;
2015-09-29;61.94;
2015-09-30;64.19;
2015-10-01;65.33;
2015-10-02;65.22;
2015-10-03;58.16;
2015-10-04;46.66;
2015-10-05;50.75;
2015-10-06;54.14;
2015-10-07;67.14;
2015-10-08;65.13;
2015-10-09;64.41;
2015-10-10;57.24;
2015-10-11;57.75;
2015-10-12;57.84;
2015-10-13;59.64;
2015-10-14;59.23;
2015-10-15;63.45;
2015-10-16;66.38;
2015-10-17;54.14;
2015-10-18;59.93;
2015-10-19;65.22;
2015-10-20;57.21;
2015-10-21;58.14;
2015-10-22;61.21;
2015-10-23;66.23;
2015-10-24;60.01;
2015-10-25;54.44;
2015-10-26;59.91;
2015-10-27;57.09;
2015-10-28;52.97;
2015-10-29;60.17;
2015-10-30;56.52;
2015-10-31;54.84;
2015-11-01;43.9;
2015-11-02;56.28;
2015-11-03;58.4;
2015-11-04;60.84;
2015-11-05;59.64;
2015-11-06;62.93;
2015-11-07;59.51;
2015-11-08;52.13;
2015-11-09;68.09;
2015-11-10;68.43;
2015-11-11;68.37;
2015-11-12;68.64;
2015-11-13;63.68;
2015-11-14;59.21;
2015-11-15;58.39;
2015-11-16;66.24;
2015-11-17;64.74;
2015-11-18;66.88;
2015-11-19;66.25;
2015-11-20;57.71;
2015-11-21;36.8;
2015-11-22;48.63;
2015-11-23;69.46;
2015-11-24;68.74;
2015-11-25;59.29;
2015-11-26;58.05;
2015-11-27;62.89;
2015-11-28;54.75;
2015-11-29;58.51;
2015-11-30;69.89;
2015-12-01;74.25;
2015-12-02;75.47;
2015-12-03;70.39;
2015-12-04;72.61;
2015-12-05;67.54;
2015-12-06;57.98;
2015-12-07;57.1;
2015-12-08;62.53;
2015-12-09;69.83;
2015-12-10;72.22;
2015-12-11;70.99;
2015-12-12;67.4;
2015-12-13;55.79;
2015-12-14;62.38;
2015-12-15;59.71;
2015-12-16;64.96;
2015-12-17;65.01;
2015-12-18;64.66;
2015-12-19;55.52;
2015-12-20;55.54;
2015-12-21;66.03;
2015-12-22;64.16;
2015-12-23;66.0;
2015-12-24;57.96;
2015-12-25;56.06;
2015-12-26;52.13;
2015-12-27;39.33;
2015-12-28;47.55;
2015-12-29;56.9;
2015-12-30;51.42;
2015-12-31;57.83;
2016-01-01;38.35;
2016-01-02;40.89;
2016-01-03;29.5;
2016-01-04;41.79;
2016-01-05;41.57;
2016-01-06;25.64;
2016-01-07;38.43;
2016-01-08;42.63;
2016-01-09;35.64;
2016-01-10;20.42;
2016-01-11;35.22;
2016-01-12;45.62;
2016-01-13;49.36;
2016-01-14;46.17;
2016-01-15;47.69;
2016-01-16;41.73;
2016-01-17;44.96;
2016-01-18;51.18;
2016-01-19;60.67;
2016-01-20;61.79;
2016-01-21;59.28;
2016-01-22;55.45;
2016-01-23;48.93;
2016-01-24;42.26;
2016-01-25;55.43;
2016-01-26;57.22;
2016-01-27;51.81;
2016-01-28;55.82;
2016-01-29;53.97;
2016-01-30;44.61;
2016-01-31;39.67;
2016-02-01;52.68;
2016-02-02;50.62;
2016-02-03;42.08;
2016-02-04;43.36;
2016-02-05;46.42;
2016-02-06;35.37;
2016-02-07;25.4;
2016-02-08;39.53;
2016-02-09;33.16;
2016-02-10;36.32;
2016-02-11;40.56;
2016-02-12;32.51;
2016-02-13;17.48;
2016-02-14;16.44;
2016-02-15;29.37;
2016-02-16;42.76;
2016-02-17;47.14;
2016-02-18;46.67;
2016-02-19;47.06;
2016-02-20;40.8;
2016-02-21;34.05;
2016-02-22;48.94;
2016-02-23;41.62;
2016-02-24;39.3;
2016-02-25;36.59;
2016-02-26;34.35;
2016-02-27;13.26;
2016-02-28;13.6;
2016-02-29;30.13;
2016-03-01;38.74;
2016-03-02;32.28;
2016-03-03;34.94;
2016-03-04;28.12;
2016-03-05;18.34;
2016-03-06;21.85;
2016-03-07;35.77;
2016-03-08;39.78;
2016-03-09;30.6;
2016-03-10;30.3;
2016-03-11;39.45;
2016-03-12;35.59;
2016-03-13;31.95;
2016-03-14;45.94;
2016-03-15;49.56;
2016-03-16;42.76;
2016-03-17;48.8;
2016-03-18;50.87;
2016-03-19;44.22;
2016-03-20;42.33;
2016-03-21;44.1;
2016-03-22;42.78;
2016-03-23;37.61;
2016-03-24;36.65;
2016-03-25;36.39;
2016-03-26;29.49;
2016-03-27;21.74;
2016-03-28;24.05;
2016-03-29;39.4;
2016-03-30;38.64;
2016-03-31;30.69;
2016-04-01;40.52;
2016-04-02;34.75;
2016-04-03;21.38;
2016-04-04;36.48;
2016-04-05;29.23;
2016-04-06;36.58;
2016-04-07;31.37;
2016-04-08;28.76;
2016-04-09;25.03;
2016-04-10;16.41;
2016-04-11;26.55;
2016-04-12;30.23;
2016-04-13;30.31;
2016-04-14;32.55;
2016-04-15;32.3;
2016-04-16;24.55;
2016-04-17;27.08;
2016-04-18;34.17;
2016-04-19;28.22;
2016-04-20;37.73;
2016-04-21;39.07;
2016-04-22;44.12;
2016-04-23;29.44;
2016-04-24;18.73;
2016-04-25;34.43;
2016-04-26;37.4;
2016-04-27;40.2;
2016-04-28;39.45;
2016-04-29;39.42;
2016-04-30;31.66;
2016-05-01;20.93;
2016-05-02;33.22;
2016-05-03;34.42;
2016-05-04;39.47;
2016-05-05;43.65;
2016-05-06;43.0;
2016-05-07;28.12;
2016-05-08;14.59;
2016-05-09;33.25;
2016-05-10;39.28;
2016-05-11;37.16;
2016-05-12;33.0;
2016-05-13;28.13;
2016-05-14;19.45;
2016-05-15;19.97;
2016-05-16;32.86;
2016-05-17;40.91;
2016-05-18;39.98;
2016-05-19;39.77;
2016-05-20;39.31;
2016-05-21;27.84;
2016-05-22;18.59;
2016-05-23;40.42;
2016-05-24;40.09;
2016-05-25;43.17;
2016-05-26;44.07;
2016-05-27;43.53;
2016-05-28;31.15;
2016-05-29;20.67;
2016-05-30;43.06;
2016-05-31;44.52;
2016-06-01;44.59;
2016-06-02;46.97;
2016-06-03;46.86;
2016-06-04;45.59;
2016-06-05;46.82;
2016-06-06;50.67;
2016-06-07;51.64;
2016-06-08;49.14;
2016-06-09;48.18;
2016-06-10;46.91;
2016-06-11;45.1;
2016-06-12;43.65;
2016-06-13;43.5;
2016-06-14;43.87;
2016-06-15;39.57;
2016-06-16;44.61;
2016-06-17;51.12;
2016-06-18;42.59;
2016-06-19;37.97;
2016-06-20;48.83;
2016-06-21;49.39;
2016-06-22;45.64;
2016-06-23;46.56;
2016-06-24;45.05;
2016-06-25;41.87;
2016-06-26;32.49;
2016-06-27;45.82;
2016-06-28;50.36;
2016-06-29;52.42;
2016-06-30;52.54;
2016-07-01;50.19;
2016-07-02;45.52;
2016-07-03;40.94;
2016-07-04;48.76;
2016-07-05;49.1;
2016-07-06;49.25;
2016-07-07;50.39;
2016-07-08;49.44;
2016-07-09;47.1;
2016-07-10;45.54;
2016-07-11;50.31;
2016-07-12;48.68;
2016-07-13;46.48;
2016-07-14;45.2;
2016-07-15;46.48;
2016-07-16;45.25;
2016-07-17;46.42;
2016-07-18;49.73;
2016-07-19;48.53;
2016-07-20;49.21;
2016-07-21;51.27;
2016-07-22;47.89;
2016-07-23;44.95;
2016-07-24;43.4;
2016-07-25;48.0;
2016-07-26;48.45;
2016-07-27;49.08;
2016-07-28;49.97;
2016-07-29;51.27;
2016-07-30;46.61;
2016-07-31;42.08;
2016-08-01;49.52;
2016-08-02;48.58;
2016-08-03;50.93;
2016-08-04;49.1;
2016-08-05;47.04;
2016-08-06;44.75;
2016-08-07;39.71;
2016-08-08;48.45;
2016-08-09;45.94;
2016-08-10;42.8;
2016-08-11;46.06;
2016-08-12;48.28;
2016-08-13;47.05;
2016-08-14;45.74;
2016-08-15;47.66;
2016-08-16;51.21;
2016-08-17;49.79;
2016-08-18;50.01;
2016-08-19;48.72;
2016-08-20;46.1;
2016-08-21;44.12;
2016-08-22;48.29;
2016-08-23;48.25;
2016-08-24;48.2;
2016-08-25;47.74;
2016-08-26;47.88;
2016-08-27;47.27;
2016-08-28;46.98;
2016-08-29;48.69;
2016-08-30;50.04;
2016-08-31;50.18;
2016-09-01;49.99;
2016-09-02;52.34;
2016-09-03;48.84;
2016-09-04;48.42;
2016-09-05;54.65;
2016-09-06;55.79;
2016-09-07;55.69;
2016-09-08;52.21;
2016-09-09;53.45;
2016-09-10;48.89;
2016-09-11;47.1;
2016-09-12;50.99;
2016-09-13;50.17;
2016-09-14;49.67;
2016-09-15;50.76;
2016-09-16;48.78;
2016-09-17;46.13;
2016-09-18;42.19;
2016-09-19;49.7;
2016-09-20;50.65;
2016-09-21;52.53;
2016-09-22;53.28;
2016-09-23;53.25;
2016-09-24;47.09;
2016-09-25;44.96;
2016-09-26;53.75;
2016-09-27;50.99;
2016-09-28;50.36;
2016-09-29;50.42;
2016-09-30;51.78;
2016-10-01;51.93;
2016-10-02;52.01;
2016-10-03;56.92;
2016-10-04;60.82;
2016-10-05;58.62;
2016-10-06;60.48;
2016-10-07;62.69;
2016-10-08;55.77;
2016-10-09;49.55;
2016-10-10;61.99;
2016-10-11;63.1;
2016-10-12;57.64;
2016-10-13;64.08;
2016-10-14;61.92;
2016-10-15;52.55;
2016-10-16;52.93;
2016-10-17;67.67;
2016-10-18;64.75;
2016-10-19;66.24;
2016-10-20;66.0;
2016-10-21;65.7;
2016-10-22;58.93;
2016-10-23;47.12;
2016-10-24;62.62;
2016-10-25;66.16;
2016-10-26;66.98;
2016-10-27;63.59;
2016-10-28;64.2;
2016-10-29;59.97;
2016-10-30;58.24;
2016-10-31;61.42;
2016-11-01;57.15;
2016-11-02;68.66;
2016-11-03;69.96;
2016-11-04;68.04;
2016-11-05;56.65;
2016-11-06;52.27;
2016-11-07;65.26;
2016-11-08;61.13;
2016-11-09;58.81;
2016-11-10;66.57;
2016-11-11;67.54;
2016-11-12;64.86;
2016-11-13;58.52;
2016-11-14;61.3;
2016-11-15;65.57;
2016-11-16;70.42;
2016-11-17;68.63;
2016-11-18;65.05;
2016-11-19;59.29;
2016-11-20;48.19;
2016-11-21;52.79;
2016-11-22;69.25;
2016-11-23;63.97;
2016-11-24;63.71;
2016-11-25;62.81;
2016-11-26;55.28;
2016-11-27;58.03;
2016-11-28;69.5;
2016-11-29;71.31;
2016-11-30;63.52;
2016-12-01;71.13;
2016-12-02;72.76;
2016-12-03;62.73;
2016-12-04;55.17;
2016-12-05;68.64;
2016-12-06;69.65;
2016-12-07;70.39;
2016-12-08;60.61;
2016-12-09;63.36;
2016-12-10;64.06;
2016-12-11;66.64;
2016-12-12;72.58;
2016-12-13;72.93;
2016-12-14;72.3;
2016-12-15;74.37;
2016-12-16;72.23;
2016-12-17;62.25;
2016-12-18;61.02;
2016-12-19;73.35;
2016-12-20;72.0;
2016-12-21;72.07;
2016-12-22;73.37;
2016-12-23;72.4;
2016-12-24;63.81;
2016-12-25;58.18;
2016-12-26;63.51;
2016-12-27;70.34;
2016-12-28;66.86;
2016-12-29;66.9;
2016-12-30;70.68;
2016-12-31;66.85;
2017-01-01;60.05;
2017-01-02;68.99;
2017-01-03;74.45;
2017-01-04;74.32;
2017-01-05;72.09;
2017-01-06;72.39;
2017-01-07;72.21;
2017-01-08;67.65;
2017-01-09;80.64;
2017-01-10;74.81;
2017-01-11;81.33;
2017-01-12;83.67;
2017-01-13;76.4;
2017-01-14;72.2;
2017-01-15;69.0;
2017-01-16;77.77;
2017-01-17;81.19;
2017-01-18;87.38;
2017-01-19;94.65;
2017-01-20;97.52;
2017-01-21;86.62;
2017-01-22;79.74;
2017-01-23;92.53;
2017-01-24;95.59;
2017-01-25;99.4;
2017-01-26;95.36;
2017-01-27;84.1;
2017-01-28;67.77;
2017-01-29;69.53;
2017-01-30;79.76;
2017-01-31;82.62;
2017-02-01;77.33;
2017-02-02;58.33;
2017-02-03;57.51;
2017-02-04;52.53;
2017-02-05;38.13;
2017-02-06;60.31;
2017-02-07;63.86;
2017-02-08;63.48;
2017-02-09;69.74;
2017-02-10;72.75;
2017-02-11;60.97;
2017-02-12;48.9;
2017-02-13;59.94;
2017-02-14;64.74;
2017-02-16;64.92;
2017-02-17;66.96;
2017-02-18;59.92;
2017-02-19;52.85;
2017-02-20;61.3;
2017-02-21;59.37;
2017-02-22;60.09;
2017-02-23;63.08;
2017-02-24;58.35;
2017-02-25;56.7;
2017-02-26;54.53;
2017-02-27;52.62;
2017-02-28;48.23;
2017-03-01;56.08;
2017-03-02;57.65;
2017-03-03;48.54;
2017-03-04;43.3;
2017-03-05;36.62;
2017-03-06;51.02;
2017-03-07;55.68;
2017-03-08;56.31;
2017-03-09;56.52;
2017-03-10;56.05;
2017-03-11;52.77;
2017-03-12;30.41;
2017-03-13;41.17;
2017-03-14;46.48;
2017-03-15;51.84;
2017-03-16;52.34;
2017-03-17;53.54;
2017-03-18;50.06;
2017-03-19;52.12;
2017-03-20;54.17;
2017-03-21;52.86;
2017-03-22;46.11;
2017-03-23;53.29;
2017-03-24;58.51;
2017-03-25;47.52;
2017-03-26;42.86;
2017-03-27;52.5;
2017-03-28;54.88;
2017-03-29;54.98;
2017-03-30;52.22;
2017-03-31;48.94;
2017-04-01;38.81;
2017-04-02;42.65;
2017-04-03;56.33;
2017-04-04;52.76;
2017-04-05;46.81;
2017-04-06;46.21;
2017-04-07;52.75;
2017-04-08;54.69;
2017-04-09;51.22;
2017-04-10;55.27;
2017-04-11;54.87;
2017-04-12;58.5;
2017-04-13;55.6;
2017-04-14;53.96;
2017-04-15;50.32;
2017-04-16;48.48;
2017-04-17;56.3;
2017-04-18;50.72;
2017-04-19;46.44;
2017-04-20;47.79;
2017-04-21;51.47;
2017-04-22;53.11;
2017-04-23;54.67;
2017-04-24;60.73;
2017-04-25;56.32;
2017-04-26;54.13;
2017-04-27;52.06;
2017-04-28;54.35;
2017-04-29;51.64;
2017-04-30;25.65;
2017-05-01;46.38;
2017-05-02;58.04;
2017-05-03;55.57;
2017-05-04;54.69;
2017-05-05;50.0;
2017-05-06;47.38;
2017-05-07;52.55;
2017-05-08;55.34;
2017-05-09;57.0;
2017-05-10;53.63;
2017-05-11;47.5;
2017-05-12;49.97;
2017-05-13;49.19;
2017-05-14;51.08;
2017-05-15;55.84;
2017-05-16;57.64;
2017-05-17;54.16;
2017-05-18;49.54;
2017-05-19;53.24;
2017-05-20;52.01;
2017-05-21;47.37;
2017-05-22;55.46;
2017-05-23;53.17;
2017-05-24;54.91;
2017-05-25;59.03;
2017-05-26;58.42;
2017-05-27;53.43;
2017-05-28;51.02;
2017-05-29;58.42;
2017-05-30;58.78;
2017-05-31;59.27;
2017-06-01;60.43;
2017-06-02;58.01;
2017-06-03;54.39;
2017-06-04;49.85;
2017-06-05;54.52;
2017-06-06;53.65;
2017-06-07;55.43;
2017-06-08;53.89;
2017-06-09;56.88;
2017-06-10;54.05;
2017-06-11;50.2;
2017-06-12;55.47;
2017-06-13;56.65;
2017-06-14;59.38;
2017-06-15;59.29;
2017-06-16;58.15;
2017-06-17;55.72;
2017-06-18;56.36;
2017-06-19;60.21;
2017-06-20;60.52;
2017-06-21;63.06;
2017-06-22;62.16;
2017-06-23;59.32;
2017-06-24;56.78;
2017-06-25;53.1;
2017-06-26;60.95;
2017-06-27;57.61;
2017-06-28;50.94;
2017-06-29;51.32;
2017-06-30;52.08;
2017-07-01;50.47;
2017-07-02;48.87;
2017-07-03;55.11;
2017-07-04;55.66;
2017-07-05;55.2;
2017-07-06;58.64;
2017-07-07;56.39;
2017-07-08;53.71;
2017-07-09;52.59;
2017-07-10;55.73;
2017-07-11;57.27;
2017-07-12;57.16;
2017-07-13;59.89;
2017-07-14;56.73;
2017-07-15;53.03;
2017-07-16;53.15;
2017-07-17;56.74;
2017-07-18;56.37;
2017-07-19;56.08;
2017-07-20;56.28;
2017-07-21;56.45;
2017-07-22;54.16;
2017-07-23;52.68;
2017-07-24;55.59;
2017-07-25;55.21;
2017-07-26;57.66;
2017-07-27;60.71;
2017-07-28;58.03;
2017-07-29;54.65;
2017-07-30;50.85;
2017-07-31;55.6;
2017-08-01;56.91;
2017-08-02;57.06;
2017-08-03;57.57;
2017-08-04;56.9;
2017-08-05;52.53;
2017-08-06;48.63;
2017-08-07;54.88;
2017-08-08;52.97;
2017-08-09;52.11;
2017-08-10;51.22;
2017-08-11;50.22;
2017-08-12;50.39;
2017-08-13;48.88;
2017-08-14;52.25;
2017-08-15;50.53;
2017-08-16;55.56;
2017-08-17;55.05;
2017-08-18;53.74;
2017-08-19;50.63;
2017-08-20;47.95;
2017-08-21;55.45;
2017-08-22;56.79;
2017-08-23;56.41;
2017-08-24;55.76;
2017-08-25;57.04;
2017-08-26;55.42;
2017-08-27;54.13;
2017-08-28;57.93;
2017-08-29;59.19;
2017-08-30;57.9;
2017-08-31;54.08;
2017-09-01;54.45;
2017-09-02;49.85;
2017-09-03;53.64;
2017-09-04;56.7;
2017-09-05;57.47;
2017-09-06;54.95;
2017-09-07;55.35;
2017-09-08;57.25;
2017-09-09;47.08;
2017-09-10;44.21;
2017-09-11;53.35;
2017-09-12;56.44;
2017-09-13;56.45;
2017-09-14;54.49;
2017-09-15;53.53;
2017-09-16;54.51;
2017-09-17;54.58;
2017-09-18;55.23;
2017-09-19;57.82;
2017-09-20;59.8;
2017-09-21;57.97;
2017-09-22;57.01;
2017-09-23;56.57;
2017-09-24;55.53;
2017-09-25;58.23;
2017-09-26;59.02;
2017-09-27;60.76;
2017-09-28;60.52;
2017-09-29;60.03;
2017-09-30;58.74;
2017-10-01;57.2;
2017-10-02;63.06;
2017-10-03;64.95;
2017-10-04;66.07;
2017-10-05;65.42;
2017-10-06;60.16;
2017-10-07;59.76;
2017-10-08;60.59;
2017-10-09;68.36;
2017-10-10;71.02;
2017-10-11;69.74;
2017-10-12;65.36;
2017-10-13;68.04;
2017-10-14;65.76;
2017-10-15;57.15;
2017-10-16;62.04;
2017-10-17;65.32;
2017-10-18;65.63;
2017-10-19;67.1;
2017-10-20;61.97;
2017-10-21;59.29;
2017-10-22;60.15;
2017-10-23;74.43;
2017-10-24;68.57;
2017-10-25;68.55;
2017-10-26;66.48;
2017-10-27;63.8;
2017-10-28;57.03;
2017-10-29;55.03;
2017-10-30;59.37;
2017-10-31;64.72;
2017-11-01;55.86;
2017-11-02;63.9;
2017-11-03;65.47;
2017-11-04;59.7;
2017-11-05;48.08;
2017-11-06;62.18;
2017-11-07;64.43;
2017-11-08;63.3;
2017-11-09;63.71;
2017-11-10;64.5;
2017-11-11;61.92;
2017-11-12;58.21;
2017-11-13;59.33;
2017-11-14;64.08;
2017-11-15;71.34;
2017-11-16;73.75;
2017-11-17;72.95;
2017-11-18;65.13;
2017-11-19;65.22;
2017-11-20;74.07;
2017-11-21;70.88;
2017-11-22;66.24;
2017-11-23;64.61;
2017-11-24;68.0;
2017-11-25;61.44;
2017-11-26;62.06;
2017-11-27;73.03;
2017-11-28;75.93;
2017-11-29;75.02;
2017-11-30;76.03;
2017-12-01;72.57;
2017-12-02;67.06;
2017-12-03;66.81;
2017-12-04;79.69;
2017-12-05;83.62;
2017-12-06;81.06;
2017-12-07;78.5;
2017-12-08;71.84;
2017-12-09;74.03;
2017-12-10;55.06;
2017-12-11;59.88;
2017-12-12;76.11;
2017-12-13;76.26;
2017-12-14;68.34;
2017-12-15;66.76;
2017-12-16;63.83;
2017-12-17;63.03;
2017-12-18;72.92;
2017-12-19;70.79;
2017-12-20;73.85;
2017-12-21;72.57;
2017-12-22;67.33;
2017-12-23;61.34;
2017-12-24;59.53;
2017-12-25;55.04;
2017-12-26;54.38;
2017-12-27;49.92;
2017-12-28;56.28;
2017-12-29;55.36;
2017-12-30;44.32;
2017-12-31;25.6;
2018-01-01;19.04;
2018-01-02;48.29;
2018-01-03;47.55;
2018-01-04;45.16;
2018-01-05;50.47;
2018-01-06;52.56;
2018-01-07;53.45;
2018-01-08;72.09;
2018-01-09;65.24;
2018-01-10;60.53;
2018-01-11;57.98;
2018-01-12;66.32;
2018-01-13;60.18;
2018-01-14;58.76;
2018-01-15;64.56;
2018-01-16;58.36;
2018-01-17;59.13;
2018-01-18;63.84;
2018-01-19;61.32;
2018-01-20;53.34;
2018-01-21;49.29;
2018-01-22;60.16;
2018-01-23;63.73;
2018-01-24;61.86;
2018-01-25;59.68;
2018-01-26;55.87;
2018-01-27;54.16;
2018-01-28;54.8;
2018-01-29;60.89;
2018-01-30;60.23;
2018-01-31;62.66;
2018-02-01;60.54;
2018-02-02;57.68;
2018-02-03;54.49;
2018-02-04;58.45;
2018-02-05;62.42;
2018-02-06;61.24;
2018-02-07;63.46;
2018-02-08;69.49;
2018-02-09;67.19;
2018-02-10;56.55;
2018-02-11;54.49;
2018-02-12;62.42;
2018-02-13;58.48;
2018-02-14;55.08;
2018-02-15;61.26;
2018-02-16;65.7;
2018-02-17;55.9;
2018-02-18;56.51;
2018-02-19;63.35;
2018-02-20;58.87;
2018-02-21;56.33;
2018-02-22;59.99;
2018-02-23;64.21;
2018-02-24;63.97;
2018-02-25;62.92;
2018-02-26;66.13;
2018-02-27;71.26;
2018-02-28;65.27;
2018-03-01;58.72;
2018-03-02;57.64;
2018-03-03;51.08;
2018-03-04;50.67;
2018-03-05;58.87;
2018-03-06;57.39;
2018-03-07;59.02;
2018-03-08;55.9;
2018-03-09;51.43;
2018-03-10;38.9;
2018-03-11;14.84;
2018-03-12;47.07;
2018-03-13;58.07;
2018-03-14;46.89;
2018-03-15;42.45;
2018-03-16;54.3;
2018-03-17;52.69;
2018-03-18;46.73;
2018-03-19;53.36;
2018-03-20;46.56;
2018-03-21;53.45;
2018-03-22;61.47;
2018-03-23;53.63;
2018-03-24;30.03;
2018-03-25;49.86;
2018-03-26;58.2;
2018-03-27;53.92;
2018-03-28;50.71;
2018-03-29;35.4;
2018-03-30;13.38;
2018-03-31;21.33;
2018-04-01;34.43;
2018-04-02;37.01;
2018-04-03;38.94;
2018-04-04;38.95;
2018-04-05;54.78;
2018-04-06;45.14;
2018-04-07;48.67;
2018-04-08;41.48;
2018-04-09;57.46;
2018-04-10;54.1;
2018-04-11;48.44;
2018-04-12;56.14;
2018-04-13;65.9;
2018-04-14;55.85;
2018-04-15;45.43;
2018-04-16;56.11;
2018-04-17;59.54;
2018-04-18;58.19;
2018-04-19;53.19;
2018-04-20;47.28;
2018-04-21;45.26;
2018-04-22;48.31;
2018-04-23;57.95;
2018-04-24;55.61;
2018-04-25;53.29;
2018-04-26;53.94;
2018-04-27;56.45;
2018-04-28;49.39;
2018-04-29;34.05;
2018-04-30;49.38;
2018-05-01;47.13;
2018-05-02;52.33;
2018-05-03;49.69;
2018-05-04;48.6;
2018-05-05;51.39;
2018-05-06;54.9;
2018-05-07;63.94;
2018-05-08;64.18;
2018-05-09;62.66;
2018-05-10;59.93;
2018-05-11;64.77;
2018-05-12;49.37;
2018-05-13;41.39;
2018-05-14;59.81;
2018-05-15;57.75;
2018-05-16;58.76;
2018-05-17;60.82;
2018-05-18;63.96;
2018-05-19;65.94;
2018-05-20;65.24;
2018-05-21;69.11;
2018-05-22;68.78;
2018-05-23;70.65;
2018-05-24;69.85;
2018-05-25;69.94;
2018-05-26;66.53;
2018-05-27;66.27;
2018-05-28;68.31;
2018-05-29;70.66;
2018-05-30;70.68;
2018-05-31;68.39;
2018-06-01;68.72;
2018-06-02;66.46;
2018-06-03;60.69;
2018-06-04;63.99;
2018-06-05;64.58;
2018-06-06;67.78;
2018-06-07;67.69;
2018-06-08;66.96;
2018-06-09;63.77;
2018-06-10;61.93;
2018-06-11;65.13;
2018-06-12;61.16;
2018-06-13;59.01;
2018-06-14;63.56;
2018-06-15;63.11;
2018-06-16;58.3;
2018-06-17;50.94;
2018-06-18;61.69;
2018-06-19;62.2;
2018-06-20;67.61;
2018-06-21;67.47;
2018-06-22;66.52;
2018-06-23;61.81;
2018-06-24;64.34;
2018-06-25;68.47;
2018-06-26;69.54;
2018-06-27;69.04;
2018-06-28;68.52;
2018-06-29;68.27;
2018-06-30;63.76;
2018-07-01;61.46;
2018-07-02;67.92;
2018-07-03;67.96;
2018-07-04;67.72;
2018-07-05;66.17;
2018-07-06;67.46;
2018-07-07;65.24;
2018-07-08;63.05;
2018-07-09;67.76;
2018-07-10;67.15;
2018-07-11;67.52;
2018-07-12;70.06;
2018-07-13;69.58;
2018-07-14;66.57;
2018-07-15;64.17;
2018-07-16;67.45;
2018-07-17;69.37;
2018-07-18;69.54;
2018-07-19;70.58;
2018-07-20;68.27;
2018-07-21;66.36;
2018-07-22;64.59;
2018-07-23;69.77;
2018-07-24;71.16;
2018-07-25;70.99;
2018-07-26;72.44;
2018-07-27;70.93;
2018-07-28;68.6;
2018-07-29;64.78;
2018-07-30;72.06;
2018-07-31;72.72;
2018-08-01;69.42;
2018-08-02;71.28;
2018-08-03;74.14;
2018-08-04;70.8;
2018-08-05;69.85;
2018-08-06;74.9;
2018-08-07;70.76;
2018-08-08;71.33;
2018-08-09;69.03;
2018-08-10;68.85;
2018-08-11;68.47;
2018-08-12;67.11;
2018-08-13;70.65;
2018-08-14;68.74;
2018-08-15;65.83;
2018-08-16;71.59;
2018-08-17;67.79;
2018-08-18;63.22;
2018-08-19;63.47;
2018-08-20;69.63;
2018-08-21;72.76;
2018-08-22;75.22;
2018-08-23;73.42;
2018-08-24;70.75;
2018-08-25;68.43;
2018-08-26;70.83;
2018-08-27;73.43;
2018-08-28;73.91;
2018-08-29;76.83;
2018-08-30;75.74;
2018-08-31;74.1;
2018-09-01;70.33;
2018-09-02;71.08;
2018-09-03;78.07;
2018-09-04;78.43;
2018-09-05;81.04;
2018-09-06;77.23;
2018-09-07;74.75;
2018-09-08;74.61;
2018-09-09;76.91;
2018-09-10;79.65;
2018-09-11;77.54;
2018-09-12;80.95;
2018-09-13;80.56;
2018-09-14;79.33;
2018-09-15;75.46;
2018-09-16;76.02;
2018-09-17;78.0;
2018-09-18;80.36;
2018-09-19;81.08;
2018-09-20;79.75;
2018-09-21;78.98;
2018-09-22;77.31;
2018-09-23;75.16;
2018-09-24;73.02;
2018-09-25;75.06;
2018-09-26;76.89;
2018-09-27;78.93;
2018-09-28;81.23;
2018-09-29;74.8;
2018-09-30;74.11;
2018-10-01;71.15;
2018-10-02;72.46;
2018-10-03;77.14;
2018-10-04;80.37;
2018-10-05;77.91;
2018-10-06;73.02;
2018-10-07;61.57;
2018-10-08;73.74;
2018-10-09;74.82;
2018-10-10;72.65;
2018-10-11;70.6;
2018-10-12;66.21;
2018-10-13;66.27;
2018-10-14;58.77;
2018-10-15;67.57;
2018-10-16;78.79;
2018-10-17;77.57;
2018-10-18;71.02;
2018-10-19;68.62;
2018-10-20;64.63;
2018-10-21;65.69;
2018-10-22;68.75;
2018-10-23;67.81;
2018-10-24;71.1;
2018-10-25;75.32;
2018-10-26;75.8;
2018-10-27;65.85;
2018-10-28;60.32;
2018-10-29;66.82;
2018-10-30;71.47;
2018-10-31;74.87;
2018-11-01;68.46;
2018-11-02;69.29;
2018-11-03;67.76;
2018-11-04;64.07;
2018-11-05;66.7;
2018-11-06;64.27;
2018-11-07;65.34;
2018-11-08;67.47;
2018-11-09;64.98;
2018-11-10;57.48;
2018-11-11;59.61;
2018-11-12;69.63;
2018-11-13;70.23;
2018-11-14;67.5;
2018-11-15;69.71;
2018-11-16;69.56;
2018-11-17;65.85;
2018-11-18;63.01;
2018-11-19;73.76;
2018-11-20;68.8;
2018-11-21;69.57;
2018-11-22;70.98;
2018-11-23;71.72;
2018-11-24;66.59;
2018-11-25;63.55;
2018-11-26;64.16;
2018-11-27;69.71;
2018-11-28;67.62;
2018-11-29;67.47;
2018-11-30;67.43;
2018-12-01;65.07;
2018-12-02;61.2;
2018-12-03;67.77;
2018-12-04;72.75;
2018-12-05;68.75;
2018-12-06;65.27;
2018-12-07;66.79;
2018-12-08;64.32;
2018-12-09;64.43;
2018-12-10;68.24;
2018-12-11;70.71;
2018-12-12;70.48;
2018-12-13;66.32;
2018-12-14;67.39;
2018-12-15;64.57;
2018-12-16;61.46;
2018-12-17;70.22;
2018-12-18;67.82;
2018-12-19;66.72;
2018-12-20;69.01;
2018-12-21;66.5;
2018-12-22;67.02;
2018-12-23;67.86;
2018-12-24;70.04;
2018-12-25;68.23;
2018-12-26;69.52;
2018-12-27;73.32;
2018-12-28;69.84;
2018-12-29;62.49;
2018-12-30;64.61;
2018-12-31;68.69;
2019-01-01;69.19;
2019-01-02;67.31;
2019-01-03;70.63;
2019-01-04;72.82;
2019-01-05;68.88;
2019-01-06;64.06;
2019-01-07;69.3;
2019-01-08;68.63;
2019-01-09;66.29;
2019-01-10;67.83;
2019-01-11;69.29;
2019-01-12;66.15;
2019-01-13;64.81;
2019-01-14;68.91;
2019-01-15;72.97;
2019-01-16;74.44;
2019-01-17;70.9;
2019-01-18;73.62;
2019-01-19;68.57;
2019-01-20;66.05;
2019-01-21;71.28;
2019-01-22;69.94;
2019-01-23;65.76;
2019-01-24;65.73;
2019-01-25;66.86;
2019-01-26;65.11;
2019-01-27;48.97;
2019-01-28;61.73;
2019-01-29;64.86;
2019-01-30;63.53;
2019-01-31;60.44;
2019-02-01;58.32;
2019-02-02;43.09;
2019-02-03;53.53;
2019-02-04;64.65;
2019-02-05;65.98;
2019-02-06;66.13;
2019-02-07;63.59;
2019-02-08;61.3;
2019-02-09;58.06;
2019-02-10;42.99;
2019-02-11;61.72;
2019-02-12;65.5;
2019-02-13;65.98;
2019-02-14;61.16;
2019-02-15;60.39;
2019-02-16;55.02;
2019-02-17;51.36;
2019-02-18;61.85;
2019-02-19;63.65;
2019-02-20;62.13;
2019-02-21;59.66;
2019-02-22;58.67;
2019-02-23;55.69;
2019-02-24;55.0;
2019-02-25;61.08;
2019-02-26;58.4;
2019-02-27;58.41;
2019-02-28;58.39;
2019-03-01;58.91;
2019-03-02;52.68;
2019-03-03;44.23;
2019-03-04;47.41;
2019-03-05;56.74;
2019-03-06;43.3;
2019-03-07;55.32;
2019-03-08;60.31;
2019-03-09;57.91;
2019-03-10;51.7;
2019-03-11;57.51;
2019-03-12;56.31;
2019-03-13;51.21;
2019-03-14;56.47;
2019-03-15;59.45;
2019-03-16;54.86;
2019-03-17;39.72;
2019-03-18;54.17;
2019-03-19;55.57;
2019-03-20;53.5;
2019-03-21;56.87;
2019-03-22;59.59;
2019-03-23;54.69;
2019-03-24;49.67;
2019-03-25;48.25;
2019-03-26;46.01;
2019-03-27;51.79;
2019-03-28;54.98;
2019-03-29;57.09;
2019-03-30;55.68;
2019-03-31;56.0;
2019-04-01;62.99;
2019-04-02;62.14;
2019-04-03;57.53;
2019-04-04;58.68;
2019-04-05;56.94;
2019-04-06;49.45;
2019-04-07;52.49;
2019-04-08;58.57;
2019-04-09;55.91;
2019-04-10;56.4;
2019-04-11;60.32;
2019-04-12;62.37;
2019-04-13;61.41;
2019-04-14;58.03;
2019-04-15;61.6;
2019-04-16;61.78;
2019-04-17;52.14;
2019-04-18;59.91;
2019-04-19;44.44;
2019-04-20;38.58;
2019-04-21;46.64;
2019-04-22;60.96;
2019-04-23;55.57;
2019-04-24;46.21;
2019-04-25;37.07;
2019-04-26;54.88;
2019-04-27;60.25;
2019-04-28;57.81;
2019-04-29;62.89;
2019-04-30;63.47;
2019-05-01;54.53;
2019-05-02;51.37;
2019-05-03;54.7;
2019-05-04;48.91;
2019-05-05;39.45;
2019-05-06;57.93;
2019-05-07;59.24;
2019-05-08;43.99;
2019-05-09;50.57;
2019-05-10;51.67;
2019-05-11;53.71;
2019-05-12;41.7;
2019-05-13;52.35;
2019-05-14;56.08;
2019-05-15;58.05;
2019-05-16;56.03;
2019-05-17;47.85;
2019-05-18;50.2;
2019-05-19;51.77;
2019-05-20;57.89;
2019-05-21;60.69;
2019-05-22;61.87;
2019-05-23;60.97;
2019-05-24;53.1;
2019-05-25;46.69;
2019-05-26;45.29;
2019-05-27;55.64;
2019-05-28;52.43;
2019-05-29;52.65;
2019-05-30;57.69;
2019-05-31;59.9;
2019-06-01;56.95;
2019-06-02;51.76;
2019-06-03;58.05;
2019-06-04;53.77;
2019-06-05;49.62;
2019-06-06;47.89;
2019-06-07;46.31;
2019-06-08;49.6;
2019-06-09;47.86;
2019-06-10;49.53;
2019-06-11;49.88;
2019-06-12;52.73;
2019-06-13;51.12;
2019-06-14;50.89;
2019-06-15;49.77;
2019-06-16;50.7;
2019-06-17;54.75;
2019-06-18;51.61;
2019-06-19;52.54;
2019-06-20;52.09;
2019-06-21;51.99;
2019-06-22;49.54;
2019-06-23;46.45;
2019-06-24;53.69;
2019-06-25;55.24;
2019-06-26;52.67;
2019-06-27;54.63;
2019-06-28;57.17;
2019-06-29;53.06;
2019-06-30;50.95;
2019-07-01;54.12;
2019-07-02;54.36;
2019-07-03;56.59;
2019-07-04;58.59;
2019-07-05;61.31;
2019-07-06;55.07;
2019-07-07;53.24;
2019-07-08;56.42;
2019-07-09;57.6;
2019-07-10;56.82;
2019-07-11;59.48;
2019-07-12;62.53;
2019-07-13;54.59;
2019-07-14;52.32;
2019-07-15;57.72;
2019-07-16;56.88;
2019-07-17;57.69;
2019-07-18;59.0;
2019-07-19;57.51;
2019-07-20;54.09;
2019-07-21;53.03;
2019-07-22;61.0;
2019-07-23;60.11;
2019-07-24;60.9;
2019-07-25;58.37;
2019-07-26;57.27;
2019-07-27;49.31;
2019-07-28;49.29;
2019-07-29;53.2;
2019-07-30;53.37;
2019-07-31;52.24;
2019-08-01;51.94;
2019-08-02;52.81;
2019-08-03;50.84;
2019-08-04;49.95;
2019-08-05;54.34;
2019-08-06;53.84;
2019-08-07;53.51;
2019-08-08;51.33;
2019-08-09;47.95;
2019-08-10;49.79;
2019-08-11;46.07;
2019-08-12;48.08;
2019-08-13;47.04;
2019-08-14;49.53;
2019-08-15;44.31;
2019-08-16;48.18;
2019-08-17;45.26;
2019-08-18;43.03;
2019-08-19;45.96;
2019-08-20;44.23;
2019-08-21;45.14;
2019-08-22;45.02;
2019-08-23;45.36;
2019-08-24;45.5;
2019-08-25;42.65;
2019-08-26;47.38;
2019-08-27;53.73;
2019-08-28;54.69;
2019-08-29;53.74;
2019-08-30;53.1;
2019-08-31;47.44;
2019-09-01;42.85;
2019-09-02;43.61;
2019-09-03;48.11;
2019-09-04;47.2;
2019-09-05;42.06;
2019-09-06;40.81;
2019-09-07;36.97;
2019-09-08;38.42;
2019-09-09;47.37;
2019-09-10;38.6;
2019-09-11;38.77;
2019-09-12;42.48;
2019-09-13;42.99;
2019-09-14;40.83;
2019-09-15;41.69;
2019-09-16;52.5;
2019-09-17;54.34;
2019-09-18;54.32;
2019-09-19;54.8;
2019-09-20;52.37;
2019-09-21;43.53;
2019-09-22;41.51;
2019-09-23;49.89;
2019-09-24;47.41;
2019-09-25;48.24;
2019-09-26;52.37;
2019-09-27;52.6;
2019-09-28;49.15;
2019-09-29;46.35;
2019-09-30;53.76;
2019-10-01;51.39;
2019-10-02;47.5;
2019-10-03;52.21;
2019-10-04;56.72;
2019-10-05;52.57;
2019-10-06;49.39;
2019-10-07;54.8;
2019-10-08;58.53;
2019-10-09;53.0;
2019-10-10;51.53;
2019-10-11;52.66;
2019-10-12;42.72;
2019-10-13;41.58;
2019-10-14;46.9;
2019-10-15;46.98;
2019-10-16;47.5;
2019-10-17;52.08;
2019-10-18;50.34;
2019-10-19;47.25;
2019-10-20;45.96;
2019-10-21;58.93;
2019-10-22;54.4;
2019-10-23;51.3;
2019-10-24;50.4;
2019-10-25;53.89;
2019-10-26;50.41;
2019-10-27;51.07;
2019-10-28;59.05;
2019-10-29;59.3;
2019-10-30;57.21;
2019-10-31;54.41;
2019-11-01;36.57;
2019-11-02;32.65;
2019-11-03;24.27;
2019-11-04;34.42;
2019-11-05;34.59;
2019-11-06;44.57;
2019-11-07;43.59;
2019-11-08;42.06;
2019-11-09;44.84;
2019-11-10;41.72;
2019-11-11;49.87;
2019-11-12;53.19;
2019-11-13;53.07;
2019-11-14;50.37;
2019-11-15;53.51;
2019-11-16;50.48;
2019-11-17;48.07;
2019-11-18;55.02;
2019-11-19;62.81;
2019-11-20;63.17;
2019-11-21;60.97;
2019-11-22;50.94;
2019-11-23;40.92;
2019-11-24;45.56;
2019-11-25;51.91;
2019-11-26;49.82;
2019-11-27;46.75;
2019-11-28;45.44;
2019-11-29;52.39;
2019-11-30;45.81;
2019-12-01;48.17;
2019-12-02;50.52;
2019-12-03;55.84;
2019-12-04;59.18;
2019-12-05;52.87;
2019-12-06;51.91;
2019-12-07;51.24;
2019-12-08;45.49;
2019-12-09;46.96;
2019-12-10;51.99;
2019-12-11;48.58;
2019-12-12;43.77;
2019-12-13;33.08;
2019-12-14;32.36;
2019-12-15;31.5;
2019-12-16;46.18;
2019-12-17;48.98;
2019-12-18;43.74;
2019-12-19;29.84;
2019-12-20;23.48;
2019-12-21;7.62;
2019-12-22;6.36;
2019-12-23;31.34;
2019-12-24;27.55;
2019-12-25;21.62;
2019-12-26;33.51;
2019-12-27;39.15;
2019-12-28;36.2;
2019-12-29;37.23;
2019-12-31;44.27;
2020-01-01;40.97;
2020-01-02;46.47;
2020-01-03;45.28;
2020-01-04;40.11;
2020-01-05;43.41;
2020-01-06;47.81;
2020-01-07;52.9;
2020-01-08;52.37;
2020-01-09;49.1;
2020-01-10;45.69;
2020-01-11;45.83;
2020-01-12;46.37;
2020-01-13;51.18;
2020-01-14;44.45;
2020-01-15;44.36;
2020-01-16;43.76;
2020-01-17;44.58;
2020-01-18;41.72;
2020-01-19;33.7;
2020-01-20;41.48;
2020-01-21;44.16;
2020-01-22;53.24;
2020-01-23;59.39;
2020-01-24;59.46;
2020-01-25;51.75;
2020-01-26;44.04;
2020-01-27;44.46;
2020-01-28;43.83;
2020-01-29;45.06;
2020-01-30;43.1;
2020-01-31;41.73;
2020-02-01;32.93;
2020-02-02;32.32;
2020-02-03;46.08;
2020-02-04;42.87;
2020-02-05;41.81;
2020-02-06;43.93;
2020-02-07;44.89;
2020-02-08;43.02;
2020-02-09;34.15;
2020-02-10;37.16;
2020-02-11;47.14;
2020-02-12;49.15;
2020-02-13;43.19;
2020-02-14;46.94;
2020-02-15;38.87;
2020-02-16;28.31;
2020-02-17;41.22;
2020-02-18;43.35;
2020-02-19;47.86;
2020-02-20;47.29;
2020-02-21;44.37;
2020-02-22;43.22;
2020-02-23;40.61;
2020-02-24;46.63;
2020-02-25;38.0;
2020-02-26;37.3;
2020-02-27;35.44;
2020-02-28;38.74;
2020-02-29;20.22;
2020-03-01;18.36;
2020-03-02;26.49;
2020-03-03;30.62;
2020-03-04;37.06;
2020-03-08;30.62;
2020-03-09;37.16;
2020-03-10;39.04;
2020-03-11;42.88;
2020-03-12;42.79;
2020-03-13;37.95;
2020-03-14;39.4;
2020-03-15;30.97;
2020-03-16;31.92;
2020-03-17;32.92;
2020-03-18;35.52;
2020-03-19;35.06;
2020-03-20;33.06;
2020-03-21;32.24;
2020-03-22;33.02;
2020-03-23;33.69;
2020-03-24;32.23;
2020-03-25;35.98;
2020-03-26;26.82;
2020-03-27;29.82;
2020-03-28;33.45;
2020-03-29;24.1;
2020-03-30;26.09;
2020-03-31;27.84;
2020-04-01;32.44;
2020-04-02;29.67;
2020-04-03;30.54;
2020-04-04;22.73;
2020-04-05;16.56;
2020-04-06;33.74;
2020-04-07;29.53;
2020-04-08;30.77;
2020-04-09;30.39;
2020-04-10;29.46;
2020-04-11;29.31;
2020-04-12;25.44;
2020-04-13;29.7;
2020-04-14;27.74;
2020-04-15;23.22;
2020-04-16;18.48;
2020-04-17;19.39;
2020-04-18;27.79;
2020-04-19;20.54;
2020-04-20;17.67;
2020-04-21;15.2;
2020-04-22;16.64;
2020-04-23;23.71;
2020-04-24;24.38;
2020-04-25;24.02;
2020-04-26;21.26;
2020-04-27;26.23;
2020-04-28;24.21;
2020-04-29;15.37;
2020-04-30;11.71;
2020-05-01;9.71;
2020-05-02;17.01;
2020-05-03;20.37;
2020-05-04;21.81;
2020-05-05;23.48;
2020-05-06;28.19;
2020-05-07;26.05;
2020-05-08;25.16;
2020-05-09;25.21;
2020-05-10;18.53;
2020-05-11;21.16;
2020-05-12;29.34;
2020-05-13;30.23;
2020-05-14;28.82;
2020-05-15;24.91;
2020-05-16;21.76;
2020-05-17;21.28;
2020-05-18;30.9;
2020-05-19;31.61;
2020-05-20;32.04;
2020-05-21;33.2;
2020-05-22;33.78;
2020-05-23;22.68;
2020-05-24;16.22;
2020-05-25;28.35;
2020-05-26;26.77;
2020-05-27;29.51;
2020-05-28;33.36;
2020-05-29;36.72;
2020-05-30;33.7;
2020-05-31;34.84;
2020-06-01;38.79;
2020-06-02;39.14;
2020-06-03;36.43;
2020-06-04;28.64;
2020-06-05;32.38;
2020-06-06;32.07;
2020-06-07;23.62;
2020-06-08;31.8;
2020-06-09;34.2;
2020-06-10;35.63;
2020-06-11;28.08;
2020-06-12;24.45;
2020-06-13;25.05;
2020-06-14;30.14;
2020-06-15;36.52;
2020-06-16;36.36;
2020-06-17;39.18;
2020-06-18;40.27;
2020-06-19;38.81;
2020-06-20;35.26;
2020-06-21;30.91;
2020-06-22;35.94;
2020-06-23;39.5;
2020-06-24;42.52;
2020-06-25;44.18;
2020-06-26;42.26;
2020-06-27;33.54;
2020-06-28;33.83;
2020-06-29;42.39;
2020-06-30;42.68;
2020-07-01;42.32;
2020-07-02;39.69;
2020-07-03;39.86;
2020-07-04;32.88;
2020-07-05;29.76;
2020-07-06;33.92;
2020-07-07;39.89;
2020-07-08;42.37;
2020-07-09;44.59;
2020-07-10;42.31;
2020-07-11;31.86;
2020-07-12;31.9;
2020-07-13;38.85;
2020-07-14;38.61;
2020-07-15;35.42;
2020-07-16;39.51;
2020-07-17;36.82;
2020-07-18;34.38;
2020-07-19;33.73;
2020-07-20;40.19;
2020-07-21;40.61;
2020-07-22;44.92;
2020-07-23;46.68;
2020-07-24;41.02;
2020-07-25;36.72;
2020-07-27;43.48;
2020-07-28;40.95;
2020-07-29;43.14;
2020-07-30;46.11;
2020-07-31;47.91;
2020-08-01;37.15;
2020-08-02;32.41;
2020-08-03;40.92;
2020-08-04;39.53;
2020-08-05;40.23;
2020-08-06;41.25;
2020-08-07;42.28;
2020-08-08;40.04;
2020-08-09;37.97;
2020-08-10;41.92;
2020-08-11;42.75;
2020-08-12;43.13;
2020-08-13;44.59;
2020-08-14;41.31;
2020-08-15;35.29;
2020-08-16;32.76;
2020-08-17;40.3;
2020-08-18;42.54;
2020-08-19;37.77;
2020-08-20;37.99;
2020-08-21;37.29;
2020-08-22;36.31;
2020-08-23;33.47;
2020-08-24;43.8;
2020-08-25;43.71;
2020-08-26;46.27;
2020-08-27;52.42;
2020-08-28;43.94;
2020-08-29;35.08;
2020-08-30;38.22;
2020-08-31;46.21;
2020-09-01;50.92;
2020-09-02;48.6;
2020-09-03;50.87;
2020-09-04;48.82;
2020-09-05;38.83;
2020-09-06;35.07;
2020-09-07;44.3;
2020-09-08;46.19;
2020-09-09;50.96;
2020-09-10;50.6;
2020-09-11;52.59;
2020-09-12;44.12;
2020-09-13;39.42;
2020-09-14;48.41;
2020-09-15;53.64;
2020-09-16;55.98;
2020-09-17;51.75;
2020-09-18;47.61;
2020-09-19;42.32;
2020-09-20;43.43;
2020-09-21;54.01;
2020-09-22;55.42;
2020-09-23;50.14;
2020-09-24;43.72;
2020-09-25;31.13;
2020-09-26;32.98;
2020-09-27;30.04;
2020-09-28;47.3;
2020-09-29;53.24;
2020-09-30;53.3;
2020-10-01;45.37;
2020-10-02;29.18;
2020-10-03;22.88;
2020-10-04;18.36;
2020-10-05;41.18;
2020-10-06;44.96;
2020-10-07;47.93;
2020-10-08;47.82;
2020-10-09;49.9;
2020-10-10;36.71;
2020-10-11;32.9;
2020-10-12;43.84;
2020-10-13;46.05;
2020-10-14;41.82;
2020-10-15;45.48;
2020-10-16;49.33;
2020-10-17;46.81;
2020-10-18;44.84;
2020-10-19;41.51;
2020-10-20;41.81;
2020-10-21;42.61;
2020-10-22;50.78;
2020-10-23;51.04;
2020-10-24;35.98;
2020-10-25;20.52;
2020-10-26;40.4;
2020-10-27;44.91;
2020-10-28;48.1;
2020-10-29;49.17;
2020-10-30;45.23;
2020-10-31;39.12;
2020-11-01;31.45;
2020-11-02;46.57;
2020-11-03;44.76;
2020-11-04;44.46;
2020-11-05;40.22;
2020-11-06;39.87;
2020-11-07;37.44;
2020-11-08;39.14;
2020-11-09;51.71;
2020-11-10;56.3;
2020-11-11;47.37;
2020-11-12;50.42;
2020-11-13;50.69;
2020-11-14;42.37;
2020-11-15;29.84;
2020-11-16;48.02;
2020-11-17;49.3;
2020-11-18;48.16;
2020-11-19;44.3;
2020-11-20;45.71;
2020-11-21;44.98;
2020-11-22;47.62;
2020-11-23;56.4;
2020-11-24;52.76;
2020-11-25;53.84;
2020-11-26;53.29;
2020-11-27;58.32;
2020-11-28;52.79;
2020-11-29;51.12;
2020-11-30;58.26;
2020-12-01;56.49;
2020-12-02;55.11;
2020-12-03;54.89;
2020-12-04;49.08;
2020-12-05;49.33;
2020-12-06;44.68;
2020-12-07;43.06;
2020-12-08;33.67;
2020-12-09;53.53;
2020-12-10;48.42;
2020-12-11;43.95;
2020-12-12;40.14;
2020-12-13;46.97;
2020-12-14;52.52;
2020-12-15;54.8;
2020-12-16;55.62;
2020-12-17;62.73;
2020-12-18;54.47;
2020-12-19;49.46;
2020-12-20;47.57;
2020-12-21;52.97;
2020-12-22;52.56;
2020-12-23;52.51;
2020-12-24;46.21;
2020-12-25;22.96;
2020-12-26;38.83;
2020-12-27;30.97;
2020-12-28;25.93;
2020-12-29;44.85;
2020-12-30;55.63;
2020-12-31;54.35;
2021-01-01;47.85;
2021-01-02;53.65;
2021-01-03;53.18;
2021-01-04;68.45;
2021-01-05;75.89;
2021-01-06;79.7;
2021-01-07;105.7;
2021-01-08;105.19;
2021-01-09;88.3;
2021-01-10;74.86;
2021-01-11;91.06;
2021-01-12;92.54;
2021-01-13;97.17;
2021-01-14;94.08;
2021-01-15;85.5;
2021-01-16;73.29;
2021-01-17;70.62;
2021-01-18;88.35;
2021-01-19;83.15;
2021-01-20;58.35;
2021-01-21;48.85;
2021-01-22;48.31;
2021-01-23;31.73;
2021-01-24;34.03;
2021-01-25;66.11;
2021-01-26;72.31;
2021-01-27;66.11;
2021-01-28;61.24;
2021-01-29;53.59;
2021-01-30;8.46;
2021-01-31;5.94;
2021-02-01;18.4;
2021-02-02;32.85;
2021-02-03;42.86;
2021-02-04;59.09;
2021-02-05;56.9;
2021-02-06;40.47;
2021-02-07;18.14;
2021-02-08;14.67;
2021-02-09;13.28;
2021-02-10;33.77;
2021-02-11;54.06;
2021-02-12;42.68;
2021-02-13;42.11;
2021-02-14;20.33;
2021-02-15;22.79;
2021-02-16;32.51;
2021-02-17;49.01;
2021-02-18;44.15;
2021-02-19;29.25;
2021-02-20;7.73;
2021-02-21;14.08;
2021-02-22;48.16;
2021-02-23;50.36;
2021-02-24;31.18;
2021-02-25;53.0;
2021-02-26;52.99;
2021-02-27;33.9;
2021-02-28;23.7;
2021-03-01;47.76;
2021-03-02;58.21;
2021-03-03;58.41;
2021-03-04;61.07;
2021-03-05;57.82;
2021-03-06;49.42;
2021-03-07;52.17;
2021-03-08;60.29;
2021-03-09;62.38;
2021-03-10;60.79;
2021-03-11;46.41;
2021-03-12;45.62;
2021-03-13;32.6;
2021-03-14;30.77;
2021-03-15;53.6;
2021-03-16;39.54;
2021-03-17;22.07;
2021-03-18;38.32;
2021-03-19;34.69;
2021-03-20;26.7;
2021-03-21;35.21;
2021-03-22;60.89;
2021-03-23;69.22;
2021-03-24;70.35;
2021-03-25;71.32;
2021-03-26;64.84;
2021-03-27;46.96;
2021-03-28;44.33;
2021-03-29;51.46;
2021-03-30;59.21;
2021-03-31;60.27;
2021-04-01;57.59;
2021-04-02;57.03;
2021-04-03;39.86;
2021-04-04;33.74;
2021-04-05;50.75;
2021-04-06;61.66;
2021-04-07;70.15;
2021-04-08;74.16;
2021-04-09;76.14;
2021-04-10;69.58;
2021-04-11;56.65;
2021-04-12;68.71;
2021-04-13;79.79;
2021-04-14;78.51;
2021-04-15;73.03;
2021-04-16;75.03;
2021-04-17;69.35;
2021-04-18;70.49;
2021-04-19;83.6;
2021-04-20;83.34;
2021-04-21;83.49;
2021-04-22;79.3;
2021-04-23;73.26;
2021-04-24;61.58;
2021-04-25;66.53;
2021-04-26;80.48;
2021-04-27;81.81;
2021-04-28;78.6;
2021-04-29;79.6;
2021-04-30;83.25;
2021-05-01;64.24;
2021-05-02;67.62;
2021-05-03;78.85;
2021-05-04;85.3;
2021-05-05;80.52;
2021-05-06;78.06;
2021-05-07;78.75;
2021-05-08;49.21;
2021-05-09;18.29;
2021-05-10;65.51;
2021-05-11;58.18;
2021-05-12;56.65;
2021-05-13;64.53;
2021-05-14;76.34;
2021-05-15;44.98;
2021-05-16;32.23;
2021-05-17;82.69;
2021-05-18;82.65;
2021-05-19;84.63;
2021-05-20;85.51;
2021-05-21;73.0;
2021-05-22;71.4;
2021-05-23;75.15;
2021-05-24;73.52;
2021-05-25;81.57;
2021-05-26;85.8;
2021-05-27;91.53;
2021-05-28;93.12;
2021-05-29;85.71;
2021-05-30;77.9;
2021-05-31;92.14;
2021-06-01;89.17;
2021-06-02;87.53;
2021-06-03;83.15;
2021-06-04;84.02;
2021-06-05;80.1;
2021-06-06;72.85;
2021-06-07;83.4;
2021-06-08;84.71;
2021-06-09;84.81;
2021-06-10;86.75;
2021-06-11;85.39;
2021-06-12;80.13;
2021-06-13;82.01;
2021-06-14;90.92;
2021-06-15;94.55;
2021-06-16;98.67;
2021-06-17;94.96;
2021-06-18;94.31;
2021-06-19;88.92;
2021-06-20;55.71;
2021-06-21;86.28;
2021-06-22;91.67;
2021-06-23;93.39;
2021-06-24;89.11;
2021-06-25;89.65;
2021-06-26;85.65;
2021-06-27;67.1;
2021-06-28;90.63;
2021-06-29;96.09;
2021-06-30;96.36;
2021-07-01;96.42;
2021-07-02;102.84;
2021-07-03;96.96;
2021-07-04;82.49;
2021-07-05;97.21;
2021-07-06;97.05;
2021-07-07;102.66;
2021-07-08;96.95;
2021-07-09;95.54;
2021-07-10;92.99;
2021-07-11;93.24;
2021-07-12;91.73;
2021-07-13;99.8;
2021-07-14;89.34;
2021-07-15;90.65;
2021-07-16;91.32;
2021-07-17;93.65;
2021-07-18;76.72;
2021-07-19;101.68;
2021-07-20;104.09;
2021-07-21;107.89;
2021-07-22;104.06;
2021-07-23;98.19;
2021-07-24;94.03;
2021-07-25;95.58;
2021-07-26;102.63;
2021-07-27;101.56;
2021-07-28;99.95;
2021-07-29;101.41;
2021-07-30;98.7;
2021-07-31;64.89;
2021-08-01;82.83;
2021-08-02;106.96;
2021-08-03;109.19;
2021-08-04;107.9;
2021-08-05;103.46;
2021-08-06;100.23;
2021-08-07;68.69;
2021-08-08;90.82;
2021-08-09;110.47;
2021-08-10;114.71;
2021-08-11;117.43;
2021-08-12;119.81;
2021-08-13;121.75;
2021-08-14;118.22;
2021-08-15;114.46;
2021-08-16;99.83;
2021-08-17;99.52;
2021-08-18;113.13;
2021-08-19;118.24;
2021-08-20;119.54;
2021-08-21;112.9;
2021-08-22;104.53;
2021-08-23;104.93;
2021-08-24;107.22;
2021-08-25;119.46;
2021-08-26;125.27;
2021-08-27;121.23;
2021-08-28;112.42;
2021-08-29;107.44;
2021-08-30;127.21;
2021-08-31;132.95;
2021-09-01;135.49;
2021-09-02;142.51;
2021-09-03;140.32;
2021-09-04;137.03;
2021-09-05;131.9;
2021-09-06;137.64;
2021-09-07;132.05;
2021-09-08;138.23;
2021-09-09;145.67;
2021-09-10;156.05;
2021-09-11;152.93;
2021-09-12;145.87;
2021-09-13;158.11;
2021-09-14;159.05;
2021-09-15;177.8;
2021-09-16;191.61;
2021-09-17;171.32;
2021-09-18;163.64;
2021-09-19;149.38;
2021-09-20;162.45;
2021-09-21;156.11;
2021-09-22;179.57;
2021-09-23;169.04;
2021-09-24;176.43;
2021-09-25;168.04;
2021-09-26;162.84;
2021-09-27;179.04;
2021-09-28;185.38;
2021-09-29;196.18;
2021-09-30;196.01;
2021-10-01;;196.6088973404329
2021-10-02;;191.11838182794833
2021-10-03;;182.15000284961795
2021-10-04;;179.55159606719383
2021-10-05;;183.17250943468866
2021-10-06;;188.17833591478387
2021-10-07;;193.73612800441634
2021-10-08;;196.3483450807175
2021-10-09;;190.88317651478076
2021-10-10;;182.26783595690964
2021-10-11;;179.77448496880172
2021-10-12;;183.25551717022435
2021-10-13;;188.2473760929067
2021-10-14;;193.7294619915753
2021-10-15;;196.09301188564325
2021-10-16;;190.6629987366061
2021-10-17;;182.38199381303434
2021-10-18;;179.9869534619552
2021-10-19;;183.34188046040035
2021-10-20;;188.31640009885172
2021-10-21;;193.7136613666985
2021-10-22;;195.8431404075653
2021-10-23;;190.4567589158335
2021-10-24;;182.4925100603885
2021-10-25;;180.18990216838407
2021-10-26;;183.43119723562972
2021-10-27;;188.38490131484258
2021-10-28;;193.68954739470723
2021-10-29;;195.59891483241074
2021-10-30;;190.26344727506
2021-10-31;;182.5994443289052
2021-11-01;;180.38414724261239
2021-11-02;;183.523079550877
2021-11-03;;188.45244592849002
2021-11-04;;193.65788933134598
2021-11-05;;195.36046817397315
2021-11-06;;190.0821288143407
2021-11-07;;182.70287729792992
2021-11-08;;180.57042735579404
2021-11-09;;183.6171551702136
2021-11-10;;188.51866543381794
2021-11-11;;193.61940637486197
2021-11-12;;195.127888835384
2021-11-13;;189.9119384872553
2021-11-14;;182.80290638421238
2021-11-15;;180.74941020691637
2021-11-16;;183.71306875647127
2021-11-17;;188.583249771901
2021-11-18;;193.57476971290154
2021-11-19;;194.90122650034556
2021-11-20;;189.75207658361361
2021-11-21;;182.89964199145348
2021-11-22;;180.9216985827274
2021-11-23;;183.81048271927412
2021-11-24;;188.64594106624602
2021-11-25;;193.52460463286252
2021-11-26;;194.68049741226818
2021-11-27;;189.6018043236896
2021-11-28;;182.99320426250546
2021-11-29;;181.08783598807395
2021-11-30;;183.90907776906178
2021-12-01;;188.70652791027794
2021-12-02;;193.46949266846764
2021-12-03;;194.46568909524063
2021-12-04;;189.46043966635196
2021-12-05;;183.0837202805681
2021-12-06;;181.24831186843866
2021-12-07;;184.00855321955677
2021-12-08;;188.76484016651847
2021-12-09;;193.4099737593573
2021-12-10;;194.25676456677587
2021-12-11;;189.32735333132032
2021-12-12;;183.17132167057514
2021-12-13;;181.4035664463667
2021-12-14;;184.108627076441
2021-12-15;;188.82074423925
2021-12-16;;193.34654840407808
2021-12-17;;194.0536660885086
2021-12-18;;189.20196503397557
2021-12-19;;183.25614255644774
2021-12-20;;181.55399519321492
2021-12-21;;184.20903594575526
2021-12-22;;188.87413878462823
2021-12-23;;193.27967979001713
2021-12-24;;193.85631849747654
2021-12-25;;189.0837399296512
2021-12-26;;183.3383178340225
2021-12-27;;181.6999529572571
2021-12-28;;184.30953479168187
2021-12-29;;188.92495082432765
2021-12-30;;193.20979588663513
2021-12-31;;193.6646321572837
2022-01-01;;188.97218526309803
2022-01-02;;183.41798172327032
2022-01-03;;181.84175776867508
2022-01-04;;184.40989656988836
2022-01-05;;188.9731322308685
2022-01-06;;193.137291490819
2022-01-07;;193.47850556531836
2022-01-08;;188.86684721780975
2022-01-09;;183.49526656692137
2022-01-10;;181.97969434136778
2022-01-11;;184.50991175946606
2022-01-12;;189.01865655477212
2022-01-13;;193.06253021534482
2022-01-14;;193.2978276492721
2022-01-15;;188.76730795909825
2022-01-16;;183.57030184582555
2022-01-17;;182.11401729084537
2022-01-18;;184.6093878136629
2022-01-19;;189.0615161656178
2022-01-20;;192.98584641333795
2022-01-21;;193.12247978347108
2022-01-22;;188.67318286418416
2022-01-23;;183.64321338432353
2022-01-24;;182.24495408675628
2022-01-25;;184.70814854706148
2022-01-26;;189.10171968092462
2022-01-27;;192.9075470332718
2022-01-28;;192.95233755298054
2022-01-29;;188.58411793210274
2022-01-30;;183.71412272160254
2022-01-31;;182.37270775783688
2022-02-01;;184.80603347456412
2022-02-02;;189.13928965855263
2022-02-03;;192.82791340048223
2022-02-04;;192.78727229106838
2022-02-05;;188.49978736589034
2022-02-06;;183.7831466274756
2022-02-07;;182.49745936629
2022-02-08;;184.902897115496
2022-02-09;;189.17426053000742
2022-02-10;;192.74720292241471
2022-02-11;;192.62715241340535
2022-02-12;;188.41989131929944
2022-02-13;;183.8503967432745
2022-02-14;;182.6193702677981
2022-02-15;;184.998608274304
2022-02-16;;189.2066767536399
2022-02-17;;192.66565071588838
2022-02-18;;192.47184457033202
2022-02-19;;188.34415380017165
2022-02-20;;183.91597933059873
2022-02-21;;182.73858417257037
2022-02-22;;185.09304930769062
2022-02-23;;189.23659116825624
2022-02-24;;192.58347115556953
2022-02-25;;192.32121463662205
2022-02-26;;188.27232072256103
2022-02-27;;183.9799951125281
2022-02-28;;182.85522902201794
2022-03-01;;185.18611538656663
2022-03-02;;189.26406352909814
2022-03-03;;192.50085934362136
2022-03-04;;192.17512855641684
2022-03-05;;188.20415809973736
2022-03-06;;184.0425391936049
2022-03-07;;182.9694186948533
2022-03-08;;185.2777137599108
2022-03-09;;189.28915920951349
2022-03-10;;192.41799250114525
2022-03-11;;192.0334530593838
2022-03-12;;188.1394503702936
2022-03-13;;184.10370104643013
2022-03-14;;183.08125455562615
2022-03-15;;185.36776302647945
2022-03-16;;189.31194805292182
2022-03-17;;192.33503128257024
2022-03-18;;191.8960562626538
2022-03-19;;188.07799884972505
2022-03-20;;184.16356455411093
2022-03-21;;183.19082685793938
2022-03-22;;185.4561924192941
2022-03-23;;189.33250336088406
2022-03-24;;192.2521210145932
2022-03-25;;191.76280817171613
2022-03-26;;188.01962030003241
2022-03-27;;184.22220809905915
2022-03-28;;183.298216013843
2022-03-29;;185.54294110694417
2022-03-30;;189.35090100421658
2022-03-31;;192.1693928616332
2022-04-01;;191.63358109218183
2022-04-02;;187.96414561011713
2022-04-03;;184.27970468977753
2022-04-04;;183.4034937401821
2022-04-05;;185.62795751495813
2022-04-06;;189.36721864514968
2022-04-07;;192.08696492005274
2022-04-08;;191.50824996316294
2022-04-09;;187.91141857997863
2022-04-10;;184.33612211829606
2022-04-11;;183.5067240919772
2022-04-12;;185.71119866981013
2022-04-13;;189.3815350595178
2022-04-14;;192.00494324361978
2022-04-15;;191.38669262194873
2022-04-16;;187.86129480198377
2022-04-17;;184.39152314184386
2022-04-18;;183.6079643922464
2022-04-19;;185.7926295675323
2022-04-20;;189.39392954889328
2022-04-21;;191.92342280285493
2022-04-22;;191.26879000868286
2022-04-23;;187.8136406327538
2022-04-24;;184.44596568317024
2022-04-25;;183.70726606704025
2022-04-26;;185.87222256838368
2022-04-27;;189.40448143343315
2022-04-28;;191.8424883810251
2022-04-29;;191.15442631885338
2022-04-30;;187.76833224949758
2022-05-01;;184.49950304467077
2022-05-02;;183.80467539384674
2022-05-03;;185.94995681857955
2022-05-04;;189.41326961700784
2022-05-05;;191.76221540962388
2022-05-06;;191.04348911059182
2022-05-07;;187.7252547849107
2022-05-08;;184.55218413213888
2022-05-09;;183.90023417094523
2022-05-10;;186.02581769969854
2022-05-11;;189.42037221692104
2022-05-12;;191.6826707462205
2022-05-13;;190.9358693730358
2022-05-14;;187.68430153505145
2022-05-15;;184.6040536845553
2022-05-16;;183.99398031473572
2022-05-17;;186.09979630605767
2022-05-18;;189.42586625121675
2022-05-19;;191.60391339757055
2022-05-20;;190.83146156133216
2022-05-21;;187.6453732348961
2022-05-22;;184.6551525068556
2022-05-23;;184.08594839154878
2022-05-24;;186.17188895006603
2022-05-25;;189.42982737720493
2022-05-26;;191.52599519086823
2022-05-27;;190.73016360324547
2022-05-28;;187.60837739656685
2022-05-29;;184.70551770308495
2022-05-30;;184.17617008994912
2022-05-31;;186.24209669533295
2022-06-01;;189.43232967542326
2022-06-02;;191.44896139598399
2022-06-03;;190.63187688177726
2022-06-04;;187.57322770550667
2022-06-05;;184.7551829077645
2022-06-06;;184.26467463908241
2022-06-07;;186.31042491711202
2022-06-08;;189.4334454737934
2022-06-09;;191.3728513014783
2022-06-10;;190.53650619769815
2022-06-11;;187.5398434701566
2022-06-12;;184.8041785136596
2022-06-13;;184.35148917817884
2022-06-14;;186.37688288950108
2022-06-15;;189.43324520722913
2022-06-16;;191.29769874711548
2022-06-17;;190.443959715438
2022-06-18;;187.50814912095944
2022-06-19;;184.85253189446573
2022-06-20;;184.4366390819191
2022-06-21;;186.4414833986883
2022-06-22;;189.43179730841086
2022-06-23;;191.22353261552098
2022-06-24;;190.3541488953667
2022-06-25;;187.47807375477518
2022-06-26;;184.90026762120888
2022-06-27;;184.52014824598496
2022-06-28;;186.5042423814304
2022-06-29;;189.42916812586202
2022-06-30;;191.15037728553912
2022-07-01;;190.26698841512763
2022-07-02;;187.44955072104779
2022-07-03;;184.94740767140868
2022-07-04;;184.6020393367603
2022-07-05;;186.56517858786904
2022-07-06;;189.42542186584834
2022-07-07;;191.07825304975105
2022-07-08;;190.18239608235064
2022-07-09;;187.42251724630242
2022-07-10;;184.9939716302663
2022-07-11;;184.68233400881456
2022-07-12;;186.62431326773066
2022-07-13;;189.4206205549738
2022-07-14;;191.00717649851435
2022-07-15;;190.10029274077243
2022-07-16;;187.3969140937869
2022-07-17;;185.03997688332956
2022-07-18;;184.76105309349052
2022-07-19;;186.68166987891246
2022-07-20;;189.41482402066978
2022-07-21;;190.93716087278065
2022-07-22;;190.02060217152203
2022-07-23;;187.37268525528972
2022-07-24;;185.08543880024874
2022-07-25;;184.83821676162995
2022-07-26;;186.73727381742998
2022-07-27;;189.4080898870684
2022-07-28;;190.868216387843
2022-07-29;;189.94325099108946
2022-07-30;;187.34977767237945
2022-07-31;;185.1303709093768
2022-08-01;;184.91384466320324
2022-08-02;;186.79115216768542
2022-08-03;;189.4004735840191
2022-08-04;;190.80035053005776
2022-08-05;;189.86816854728087
2022-08-06;;187.32814098450896
2022-08-07;;185.17478506308728
2022-08-08;;184.98795604636132
2022-08-09;;186.84333347201422
2022-08-10;;189.39202836725232
2022-08-11;;190.73356832847983
2022-08-12;;189.79528681427183
2022-08-13;;187.3077273016167
2022-08-14;;185.21869159378377
2022-08-15;;185.06056985819836
2022-08-16;;186.89384751846998
2022-08-17;;189.38280534791505
2022-08-18;;190.6678726032442
2022-08-19;;189.72454028770048
2022-08-20;;187.2884909990356
2022-08-21;;185.26209946066064
2022-08-22;;185.13170482930275
2022-08-23;;186.9427251458234
2022-08-24;;189.3728535299049
2022-08-25;;190.60326419242432
2022-08-26;;189.65586588059267
2022-08-27;;187.27038853268868
2022-08-28;;185.30501638734583
2022-08-29;;185.20137954397848
2022-08-30;;186.98999806476883
2022-08-31;;189.3622198536118
2022-09-01;;190.5397421589956
2022-09-02;;189.5892028207772
2022-09-03;;187.2533782727075
2022-09-04;;185.34744899061437
2022-09-05;;185.26961249783886
2022-09-06;;187.03569869435714
2022-09-07;;189.35094924484045
2022-09-08;;190.47730397943465
2022-09-09;;189.5244925503323
2022-09-10;;187.23742035375741
2022-09-11;;185.38940290040964
2022-09-12;;185.33642214430978
2022-09-13;;187.07986001270228
2022-09-14;;189.3390846678356
2022-09-15;;190.41594571538892
2022-09-16;;189.46167862750193
2022-09-17;;187.22247654049343
2022-09-18;;185.43088287144687
2022-09-19;;185.40182693142776
2022-09-20;;187.12251542104164
2022-09-21;;189.3266671814672
2022-09-22;;190.35566216976042
2022-09-23;;189.40070663142967
2022-09-24;;187.2085101066981
2022-09-25;;185.4718928867029
2022-09-26;;185.46584533017912
2022-09-27;;187.1636986202636
2022-09-28;;189.31373599775125
2022-09-29;;190.2964470284583
2022-09-30;;189.3415240699802
